State,State_Code,Question_Short,Question_Full,Response,No_Of_Households
Andhra Pradesh,AP,Q301_grid_yn,Do you have government (or grid) electricity supply in your house?,Yes,498
Assam,AS,Q301_grid_yn,Do you have government (or grid) electricity supply in your house?,Yes,397
Bihar,BR,Q301_grid_yn,Do you have government (or grid) electricity supply in your house?,Yes,1309
Chhattisgarh,CH,Q301_grid_yn,Do you have government (or grid) electricity supply in your house?,Yes,359
Delhi,DL,Q301_grid_yn,Do you have government (or grid) electricity supply in your house?,Yes,394
Gujarat,GJ,Q301_grid_yn,Do you have government (or grid) electricity supply in your house?,Yes,788
Haryana,HR,Q301_grid_yn,Do you have government (or grid) electricity supply in your house?,Yes,344
Himachal Pradesh,HP,Q301_grid_yn,Do you have government (or grid) electricity supply in your house?,Yes,384
Jharkhand,JH,Q301_grid_yn,Do you have government (or grid) electricity supply in your house?,Yes,374
Karnataka,KA,Q301_grid_yn,Do you have government (or grid) electricity supply in your house?,Yes,759
Kerala,KL,Q301_grid_yn,Do you have government (or grid) electricity supply in your house?,Yes,384
Madhya Pradesh,MP,Q301_grid_yn,Do you have government (or grid) electricity supply in your house?,Yes,900
Maharashtra,MH,Q301_grid_yn,Do you have government (or grid) electricity supply in your house?,Yes,1403
Odisha,OR,Q301_grid_yn,Do you have government (or grid) electricity supply in your house?,Yes,558
Punjab,PB,Q301_grid_yn,Do you have government (or grid) electricity supply in your house?,Yes,397
Rajasthan,RJ,Q301_grid_yn,Do you have government (or grid) electricity supply in your house?,Yes,911
Tamil Nadu,TN,Q301_grid_yn,Do you have government (or grid) electricity supply in your house?,Yes,939
Telangana,TS,Q301_grid_yn,Do you have government (or grid) electricity supply in your house?,Yes,492
Uttar Pradesh,UP,Q301_grid_yn,Do you have government (or grid) electricity supply in your house?,Yes,1416
Uttarakhand,UK,Q301_grid_yn,Do you have government (or grid) electricity supply in your house?,Yes,379
West Bengal,WB,Q301_grid_yn,Do you have government (or grid) electricity supply in your house?,Yes,957
Andhra Pradesh,AP,Q301_grid_yn,Do you have government (or grid) electricity supply in your house?,Have connection but no electricity yet,0
Assam,AS,Q301_grid_yn,Do you have government (or grid) electricity supply in your house?,Have connection but no electricity yet,1
Bihar,BR,Q301_grid_yn,Do you have government (or grid) electricity supply in your house?,Have connection but no electricity yet,2
Chhattisgarh,CH,Q301_grid_yn,Do you have government (or grid) electricity supply in your house?,Have connection but no electricity yet,0
Delhi,DL,Q301_grid_yn,Do you have government (or grid) electricity supply in your house?,Have connection but no electricity yet,0
Gujarat,GJ,Q301_grid_yn,Do you have government (or grid) electricity supply in your house?,Have connection but no electricity yet,0
Haryana,HR,Q301_grid_yn,Do you have government (or grid) electricity supply in your house?,Have connection but no electricity yet,1
Himachal Pradesh,HP,Q301_grid_yn,Do you have government (or grid) electricity supply in your house?,Have connection but no electricity yet,0
Jharkhand,JH,Q301_grid_yn,Do you have government (or grid) electricity supply in your house?,Have connection but no electricity yet,0
Karnataka,KA,Q301_grid_yn,Do you have government (or grid) electricity supply in your house?,Have connection but no electricity yet,1
Kerala,KL,Q301_grid_yn,Do you have government (or grid) electricity supply in your house?,Have connection but no electricity yet,0
Madhya Pradesh,MP,Q301_grid_yn,Do you have government (or grid) electricity supply in your house?,Have connection but no electricity yet,16
Maharashtra,MH,Q301_grid_yn,Do you have government (or grid) electricity supply in your house?,Have connection but no electricity yet,1
Odisha,OR,Q301_grid_yn,Do you have government (or grid) electricity supply in your house?,Have connection but no electricity yet,16
Punjab,PB,Q301_grid_yn,Do you have government (or grid) electricity supply in your house?,Have connection but no electricity yet,0
Rajasthan,RJ,Q301_grid_yn,Do you have government (or grid) electricity supply in your house?,Have connection but no electricity yet,6
Tamil Nadu,TN,Q301_grid_yn,Do you have government (or grid) electricity supply in your house?,Have connection but no electricity yet,4
Telangana,TS,Q301_grid_yn,Do you have government (or grid) electricity supply in your house?,Have connection but no electricity yet,0
Uttar Pradesh,UP,Q301_grid_yn,Do you have government (or grid) electricity supply in your house?,Have connection but no electricity yet,4
Uttarakhand,UK,Q301_grid_yn,Do you have government (or grid) electricity supply in your house?,Have connection but no electricity yet,0
West Bengal,WB,Q301_grid_yn,Do you have government (or grid) electricity supply in your house?,Have connection but no electricity yet,2
Andhra Pradesh,AP,Q301_grid_yn,Do you have government (or grid) electricity supply in your house?,No,0
Assam,AS,Q301_grid_yn,Do you have government (or grid) electricity supply in your house?,No,1
Bihar,BR,Q301_grid_yn,Do you have government (or grid) electricity supply in your house?,No,35
Chhattisgarh,CH,Q301_grid_yn,Do you have government (or grid) electricity supply in your house?,No,27
Delhi,DL,Q301_grid_yn,Do you have government (or grid) electricity supply in your house?,No,1
Gujarat,GJ,Q301_grid_yn,Do you have government (or grid) electricity supply in your house?,No,10
Haryana,HR,Q301_grid_yn,Do you have government (or grid) electricity supply in your house?,No,38
Himachal Pradesh,HP,Q301_grid_yn,Do you have government (or grid) electricity supply in your house?,No,0
Jharkhand,JH,Q301_grid_yn,Do you have government (or grid) electricity supply in your house?,No,12
Karnataka,KA,Q301_grid_yn,Do you have government (or grid) electricity supply in your house?,No,28
Kerala,KL,Q301_grid_yn,Do you have government (or grid) electricity supply in your house?,No,1
Madhya Pradesh,MP,Q301_grid_yn,Do you have government (or grid) electricity supply in your house?,No,48
Maharashtra,MH,Q301_grid_yn,Do you have government (or grid) electricity supply in your house?,No,5
Odisha,OR,Q301_grid_yn,Do you have government (or grid) electricity supply in your house?,No,12
Punjab,PB,Q301_grid_yn,Do you have government (or grid) electricity supply in your house?,No,0
Rajasthan,RJ,Q301_grid_yn,Do you have government (or grid) electricity supply in your house?,No,56
Tamil Nadu,TN,Q301_grid_yn,Do you have government (or grid) electricity supply in your house?,No,26
Telangana,TS,Q301_grid_yn,Do you have government (or grid) electricity supply in your house?,No,1
Uttar Pradesh,UP,Q301_grid_yn,Do you have government (or grid) electricity supply in your house?,No,128
Uttarakhand,UK,Q301_grid_yn,Do you have government (or grid) electricity supply in your house?,No,5
West Bengal,WB,Q301_grid_yn,Do you have government (or grid) electricity supply in your house?,No,21
Andhra Pradesh,AP,Q302_num_hh,How many hours a day is electricity usually available?,12-23 hours,358
Assam,AS,Q302_num_hh,How many hours a day is electricity usually available?,12-23 hours,357
Bihar,BR,Q302_num_hh,How many hours a day is electricity usually available?,12-23 hours,1229
Chhattisgarh,CH,Q302_num_hh,How many hours a day is electricity usually available?,12-23 hours,330
Delhi,DL,Q302_num_hh,How many hours a day is electricity usually available?,12-23 hours,63
Gujarat,GJ,Q302_num_hh,How many hours a day is electricity usually available?,12-23 hours,79
Haryana,HR,Q302_num_hh,How many hours a day is electricity usually available?,12-23 hours,257
Himachal Pradesh,HP,Q302_num_hh,How many hours a day is electricity usually available?,12-23 hours,134
Jharkhand,JH,Q302_num_hh,How many hours a day is electricity usually available?,12-23 hours,329
Karnataka,KA,Q302_num_hh,How many hours a day is electricity usually available?,12-23 hours,382
Kerala,KL,Q302_num_hh,How many hours a day is electricity usually available?,12-23 hours,94
Madhya Pradesh,MP,Q302_num_hh,How many hours a day is electricity usually available?,12-23 hours,469
Maharashtra,MH,Q302_num_hh,How many hours a day is electricity usually available?,12-23 hours,564
Odisha,OR,Q302_num_hh,How many hours a day is electricity usually available?,12-23 hours,441
Punjab,PB,Q302_num_hh,How many hours a day is electricity usually available?,12-23 hours,228
Rajasthan,RJ,Q302_num_hh,How many hours a day is electricity usually available?,12-23 hours,435
Tamil Nadu,TN,Q302_num_hh,How many hours a day is electricity usually available?,12-23 hours,398
Telangana,TS,Q302_num_hh,How many hours a day is electricity usually available?,12-23 hours,310
Uttar Pradesh,UP,Q302_num_hh,How many hours a day is electricity usually available?,12-23 hours,1234
Uttarakhand,UK,Q302_num_hh,How many hours a day is electricity usually available?,12-23 hours,269
West Bengal,WB,Q302_num_hh,How many hours a day is electricity usually available?,12-23 hours,799
Andhra Pradesh,AP,Q302_num_hh,How many hours a day is electricity usually available?,24 hours,140
Assam,AS,Q302_num_hh,How many hours a day is electricity usually available?,24 hours,20
Bihar,BR,Q302_num_hh,How many hours a day is electricity usually available?,24 hours,27
Chhattisgarh,CH,Q302_num_hh,How many hours a day is electricity usually available?,24 hours,27
Delhi,DL,Q302_num_hh,How many hours a day is electricity usually available?,24 hours,331
Gujarat,GJ,Q302_num_hh,How many hours a day is electricity usually available?,24 hours,700
Haryana,HR,Q302_num_hh,How many hours a day is electricity usually available?,24 hours,64
Himachal Pradesh,HP,Q302_num_hh,How many hours a day is electricity usually available?,24 hours,246
Jharkhand,JH,Q302_num_hh,How many hours a day is electricity usually available?,24 hours,8
Karnataka,KA,Q302_num_hh,How many hours a day is electricity usually available?,24 hours,336
Kerala,KL,Q302_num_hh,How many hours a day is electricity usually available?,24 hours,290
Madhya Pradesh,MP,Q302_num_hh,How many hours a day is electricity usually available?,24 hours,407
Maharashtra,MH,Q302_num_hh,How many hours a day is electricity usually available?,24 hours,704
Odisha,OR,Q302_num_hh,How many hours a day is electricity usually available?,24 hours,97
Punjab,PB,Q302_num_hh,How many hours a day is electricity usually available?,24 hours,169
Rajasthan,RJ,Q302_num_hh,How many hours a day is electricity usually available?,24 hours,406
Tamil Nadu,TN,Q302_num_hh,How many hours a day is electricity usually available?,24 hours,538
Telangana,TS,Q302_num_hh,How many hours a day is electricity usually available?,24 hours,176
Uttar Pradesh,UP,Q302_num_hh,How many hours a day is electricity usually available?,24 hours,85
Uttarakhand,UK,Q302_num_hh,How many hours a day is electricity usually available?,24 hours,108
West Bengal,WB,Q302_num_hh,How many hours a day is electricity usually available?,24 hours,152
Andhra Pradesh,AP,Q302_num_hh,How many hours a day is electricity usually available?,8-12 hours,0
Assam,AS,Q302_num_hh,How many hours a day is electricity usually available?,8-12 hours,16
Bihar,BR,Q302_num_hh,How many hours a day is electricity usually available?,8-12 hours,42
Chhattisgarh,CH,Q302_num_hh,How many hours a day is electricity usually available?,8-12 hours,2
Delhi,DL,Q302_num_hh,How many hours a day is electricity usually available?,8-12 hours,0
Gujarat,GJ,Q302_num_hh,How many hours a day is electricity usually available?,8-12 hours,6
Haryana,HR,Q302_num_hh,How many hours a day is electricity usually available?,8-12 hours,11
Himachal Pradesh,HP,Q302_num_hh,How many hours a day is electricity usually available?,8-12 hours,4
Jharkhand,JH,Q302_num_hh,How many hours a day is electricity usually available?,8-12 hours,22
Karnataka,KA,Q302_num_hh,How many hours a day is electricity usually available?,8-12 hours,24
Kerala,KL,Q302_num_hh,How many hours a day is electricity usually available?,8-12 hours,0
Madhya Pradesh,MP,Q302_num_hh,How many hours a day is electricity usually available?,8-12 hours,16
Maharashtra,MH,Q302_num_hh,How many hours a day is electricity usually available?,8-12 hours,120
Odisha,OR,Q302_num_hh,How many hours a day is electricity usually available?,8-12 hours,10
Punjab,PB,Q302_num_hh,How many hours a day is electricity usually available?,8-12 hours,0
Rajasthan,RJ,Q302_num_hh,How many hours a day is electricity usually available?,8-12 hours,55
Tamil Nadu,TN,Q302_num_hh,How many hours a day is electricity usually available?,8-12 hours,3
Telangana,TS,Q302_num_hh,How many hours a day is electricity usually available?,8-12 hours,1
Uttar Pradesh,UP,Q302_num_hh,How many hours a day is electricity usually available?,8-12 hours,80
Uttarakhand,UK,Q302_num_hh,How many hours a day is electricity usually available?,8-12 hours,2
West Bengal,WB,Q302_num_hh,How many hours a day is electricity usually available?,8-12 hours,3
Andhra Pradesh,AP,Q302_num_hh,How many hours a day is electricity usually available?,8 or less,0
Assam,AS,Q302_num_hh,How many hours a day is electricity usually available?,8 or less,4
Bihar,BR,Q302_num_hh,How many hours a day is electricity usually available?,8 or less,11
Chhattisgarh,CH,Q302_num_hh,How many hours a day is electricity usually available?,8 or less,0
Delhi,DL,Q302_num_hh,How many hours a day is electricity usually available?,8 or less,0
Gujarat,GJ,Q302_num_hh,How many hours a day is electricity usually available?,8 or less,3
Haryana,HR,Q302_num_hh,How many hours a day is electricity usually available?,8 or less,12
Himachal Pradesh,HP,Q302_num_hh,How many hours a day is electricity usually available?,8 or less,0
Jharkhand,JH,Q302_num_hh,How many hours a day is electricity usually available?,8 or less,15
Karnataka,KA,Q302_num_hh,How many hours a day is electricity usually available?,8 or less,17
Kerala,KL,Q302_num_hh,How many hours a day is electricity usually available?,8 or less,0
Madhya Pradesh,MP,Q302_num_hh,How many hours a day is electricity usually available?,8 or less,8
Maharashtra,MH,Q302_num_hh,How many hours a day is electricity usually available?,8 or less,15
Odisha,OR,Q302_num_hh,How many hours a day is electricity usually available?,8 or less,10
Punjab,PB,Q302_num_hh,How many hours a day is electricity usually available?,8 or less,0
Rajasthan,RJ,Q302_num_hh,How many hours a day is electricity usually available?,8 or less,15
Tamil Nadu,TN,Q302_num_hh,How many hours a day is electricity usually available?,8 or less,0
Telangana,TS,Q302_num_hh,How many hours a day is electricity usually available?,8 or less,5
Uttar Pradesh,UP,Q302_num_hh,How many hours a day is electricity usually available?,8 or less,17
Uttarakhand,UK,Q302_num_hh,How many hours a day is electricity usually available?,8 or less,0
West Bengal,WB,Q302_num_hh,How many hours a day is electricity usually available?,8 or less,3
Andhra Pradesh,AP,Q312_grid_elec_meter_yn,Do you have an electricity meter?,No,1
Assam,AS,Q312_grid_elec_meter_yn,Do you have an electricity meter?,No,8
Bihar,BR,Q312_grid_elec_meter_yn,Do you have an electricity meter?,No,170
Chhattisgarh,CH,Q312_grid_elec_meter_yn,Do you have an electricity meter?,No,36
Delhi,DL,Q312_grid_elec_meter_yn,Do you have an electricity meter?,No,11
Gujarat,GJ,Q312_grid_elec_meter_yn,Do you have an electricity meter?,No,28
Haryana,HR,Q312_grid_elec_meter_yn,Do you have an electricity meter?,No,20
Himachal Pradesh,HP,Q312_grid_elec_meter_yn,Do you have an electricity meter?,No,3
Jharkhand,JH,Q312_grid_elec_meter_yn,Do you have an electricity meter?,No,144
Karnataka,KA,Q312_grid_elec_meter_yn,Do you have an electricity meter?,No,28
Kerala,KL,Q312_grid_elec_meter_yn,Do you have an electricity meter?,No,2
Madhya Pradesh,MP,Q312_grid_elec_meter_yn,Do you have an electricity meter?,No,245
Maharashtra,MH,Q312_grid_elec_meter_yn,Do you have an electricity meter?,No,19
Odisha,OR,Q312_grid_elec_meter_yn,Do you have an electricity meter?,No,27
Punjab,PB,Q312_grid_elec_meter_yn,Do you have an electricity meter?,No,12
Rajasthan,RJ,Q312_grid_elec_meter_yn,Do you have an electricity meter?,No,36
Tamil Nadu,TN,Q312_grid_elec_meter_yn,Do you have an electricity meter?,No,33
Telangana,TS,Q312_grid_elec_meter_yn,Do you have an electricity meter?,No,1
Uttar Pradesh,UP,Q312_grid_elec_meter_yn,Do you have an electricity meter?,No,121
Uttarakhand,UK,Q312_grid_elec_meter_yn,Do you have an electricity meter?,No,14
West Bengal,WB,Q312_grid_elec_meter_yn,Do you have an electricity meter?,No,17
Andhra Pradesh,AP,Q312_grid_elec_meter_yn,Do you have an electricity meter?,Yes,497
Assam,AS,Q312_grid_elec_meter_yn,Do you have an electricity meter?,Yes,386
Bihar,BR,Q312_grid_elec_meter_yn,Do you have an electricity meter?,Yes,1091
Chhattisgarh,CH,Q312_grid_elec_meter_yn,Do you have an electricity meter?,Yes,313
Delhi,DL,Q312_grid_elec_meter_yn,Do you have an electricity meter?,Yes,383
Gujarat,GJ,Q312_grid_elec_meter_yn,Do you have an electricity meter?,Yes,751
Haryana,HR,Q312_grid_elec_meter_yn,Do you have an electricity meter?,Yes,319
Himachal Pradesh,HP,Q312_grid_elec_meter_yn,Do you have an electricity meter?,Yes,381
Jharkhand,JH,Q312_grid_elec_meter_yn,Do you have an electricity meter?,Yes,207
Karnataka,KA,Q312_grid_elec_meter_yn,Do you have an electricity meter?,Yes,729
Kerala,KL,Q312_grid_elec_meter_yn,Do you have an electricity meter?,Yes,380
Madhya Pradesh,MP,Q312_grid_elec_meter_yn,Do you have an electricity meter?,Yes,553
Maharashtra,MH,Q312_grid_elec_meter_yn,Do you have an electricity meter?,Yes,1383
Odisha,OR,Q312_grid_elec_meter_yn,Do you have an electricity meter?,Yes,501
Punjab,PB,Q312_grid_elec_meter_yn,Do you have an electricity meter?,Yes,385
Rajasthan,RJ,Q312_grid_elec_meter_yn,Do you have an electricity meter?,Yes,838
Tamil Nadu,TN,Q312_grid_elec_meter_yn,Do you have an electricity meter?,Yes,906
Telangana,TS,Q312_grid_elec_meter_yn,Do you have an electricity meter?,Yes,491
Uttar Pradesh,UP,Q312_grid_elec_meter_yn,Do you have an electricity meter?,Yes,1270
Uttarakhand,UK,Q312_grid_elec_meter_yn,Do you have an electricity meter?,Yes,364
West Bengal,WB,Q312_grid_elec_meter_yn,Do you have an electricity meter?,Yes,937
Andhra Pradesh,AP,Q312_grid_elec_meter_yn,Do you have an electricity meter?,N.A.,0
Assam,AS,Q312_grid_elec_meter_yn,Do you have an electricity meter?,N.A.,2
Bihar,BR,Q312_grid_elec_meter_yn,Do you have an electricity meter?,N.A.,37
Chhattisgarh,CH,Q312_grid_elec_meter_yn,Do you have an electricity meter?,N.A.,27
Delhi,DL,Q312_grid_elec_meter_yn,Do you have an electricity meter?,N.A.,1
Gujarat,GJ,Q312_grid_elec_meter_yn,Do you have an electricity meter?,N.A.,11
Haryana,HR,Q312_grid_elec_meter_yn,Do you have an electricity meter?,N.A.,39
Himachal Pradesh,HP,Q312_grid_elec_meter_yn,Do you have an electricity meter?,N.A.,0
Jharkhand,JH,Q312_grid_elec_meter_yn,Do you have an electricity meter?,N.A.,12
Karnataka,KA,Q312_grid_elec_meter_yn,Do you have an electricity meter?,N.A.,29
Kerala,KL,Q312_grid_elec_meter_yn,Do you have an electricity meter?,N.A.,1
Madhya Pradesh,MP,Q312_grid_elec_meter_yn,Do you have an electricity meter?,N.A.,64
Maharashtra,MH,Q312_grid_elec_meter_yn,Do you have an electricity meter?,N.A.,6
Odisha,OR,Q312_grid_elec_meter_yn,Do you have an electricity meter?,N.A.,28
Punjab,PB,Q312_grid_elec_meter_yn,Do you have an electricity meter?,N.A.,0
Rajasthan,RJ,Q312_grid_elec_meter_yn,Do you have an electricity meter?,N.A.,62
Tamil Nadu,TN,Q312_grid_elec_meter_yn,Do you have an electricity meter?,N.A.,30
Telangana,TS,Q312_grid_elec_meter_yn,Do you have an electricity meter?,N.A.,1
Uttar Pradesh,UP,Q312_grid_elec_meter_yn,Do you have an electricity meter?,N.A.,132
Uttarakhand,UK,Q312_grid_elec_meter_yn,Do you have an electricity meter?,N.A.,5
West Bengal,WB,Q312_grid_elec_meter_yn,Do you have an electricity meter?,N.A.,23
Andhra Pradesh,AP,Q312_grid_elec_meter_yn,Do you have an electricity meter?,"Yes, but not working",0
Assam,AS,Q312_grid_elec_meter_yn,Do you have an electricity meter?,"Yes, but not working",3
Bihar,BR,Q312_grid_elec_meter_yn,Do you have an electricity meter?,"Yes, but not working",48
Chhattisgarh,CH,Q312_grid_elec_meter_yn,Do you have an electricity meter?,"Yes, but not working",10
Delhi,DL,Q312_grid_elec_meter_yn,Do you have an electricity meter?,"Yes, but not working",0
Gujarat,GJ,Q312_grid_elec_meter_yn,Do you have an electricity meter?,"Yes, but not working",8
Haryana,HR,Q312_grid_elec_meter_yn,Do you have an electricity meter?,"Yes, but not working",5
Himachal Pradesh,HP,Q312_grid_elec_meter_yn,Do you have an electricity meter?,"Yes, but not working",0
Jharkhand,JH,Q312_grid_elec_meter_yn,Do you have an electricity meter?,"Yes, but not working",23
Karnataka,KA,Q312_grid_elec_meter_yn,Do you have an electricity meter?,"Yes, but not working",2
Kerala,KL,Q312_grid_elec_meter_yn,Do you have an electricity meter?,"Yes, but not working",2
Madhya Pradesh,MP,Q312_grid_elec_meter_yn,Do you have an electricity meter?,"Yes, but not working",102
Maharashtra,MH,Q312_grid_elec_meter_yn,Do you have an electricity meter?,"Yes, but not working",1
Odisha,OR,Q312_grid_elec_meter_yn,Do you have an electricity meter?,"Yes, but not working",30
Punjab,PB,Q312_grid_elec_meter_yn,Do you have an electricity meter?,"Yes, but not working",0
Rajasthan,RJ,Q312_grid_elec_meter_yn,Do you have an electricity meter?,"Yes, but not working",37
Tamil Nadu,TN,Q312_grid_elec_meter_yn,Do you have an electricity meter?,"Yes, but not working",0
Telangana,TS,Q312_grid_elec_meter_yn,Do you have an electricity meter?,"Yes, but not working",0
Uttar Pradesh,UP,Q312_grid_elec_meter_yn,Do you have an electricity meter?,"Yes, but not working",25
Uttarakhand,UK,Q312_grid_elec_meter_yn,Do you have an electricity meter?,"Yes, but not working",1
West Bengal,WB,Q312_grid_elec_meter_yn,Do you have an electricity meter?,"Yes, but not working",3
Andhra Pradesh,AP,Q319_shs_use_yn,Do you use solar home system for electricity in your house?,No,495
Assam,AS,Q319_shs_use_yn,Do you use solar home system for electricity in your house?,No,394
Bihar,BR,Q319_shs_use_yn,Do you use solar home system for electricity in your house?,No,1337
Chhattisgarh,CH,Q319_shs_use_yn,Do you use solar home system for electricity in your house?,No,382
Delhi,DL,Q319_shs_use_yn,Do you use solar home system for electricity in your house?,No,394
Gujarat,GJ,Q319_shs_use_yn,Do you use solar home system for electricity in your house?,No,786
Haryana,HR,Q319_shs_use_yn,Do you use solar home system for electricity in your house?,No,378
Himachal Pradesh,HP,Q319_shs_use_yn,Do you use solar home system for electricity in your house?,No,379
Jharkhand,JH,Q319_shs_use_yn,Do you use solar home system for electricity in your house?,No,380
Karnataka,KA,Q319_shs_use_yn,Do you use solar home system for electricity in your house?,No,765
Kerala,KL,Q319_shs_use_yn,Do you use solar home system for electricity in your house?,No,381
Madhya Pradesh,MP,Q319_shs_use_yn,Do you use solar home system for electricity in your house?,No,963
Maharashtra,MH,Q319_shs_use_yn,Do you use solar home system for electricity in your house?,No,1403
Odisha,OR,Q319_shs_use_yn,Do you use solar home system for electricity in your house?,No,567
Punjab,PB,Q319_shs_use_yn,Do you use solar home system for electricity in your house?,No,396
Rajasthan,RJ,Q319_shs_use_yn,Do you use solar home system for electricity in your house?,No,967
Tamil Nadu,TN,Q319_shs_use_yn,Do you use solar home system for electricity in your house?,No,962
Telangana,TS,Q319_shs_use_yn,Do you use solar home system for electricity in your house?,No,492
Uttar Pradesh,UP,Q319_shs_use_yn,Do you use solar home system for electricity in your house?,No,1521
Uttarakhand,UK,Q319_shs_use_yn,Do you use solar home system for electricity in your house?,No,380
West Bengal,WB,Q319_shs_use_yn,Do you use solar home system for electricity in your house?,No,978
Andhra Pradesh,AP,Q319_shs_use_yn,Do you use solar home system for electricity in your house?,Yes,3
Assam,AS,Q319_shs_use_yn,Do you use solar home system for electricity in your house?,Yes,5
Bihar,BR,Q319_shs_use_yn,Do you use solar home system for electricity in your house?,Yes,9
Chhattisgarh,CH,Q319_shs_use_yn,Do you use solar home system for electricity in your house?,Yes,4
Delhi,DL,Q319_shs_use_yn,Do you use solar home system for electricity in your house?,Yes,1
Gujarat,GJ,Q319_shs_use_yn,Do you use solar home system for electricity in your house?,Yes,12
Haryana,HR,Q319_shs_use_yn,Do you use solar home system for electricity in your house?,Yes,5
Himachal Pradesh,HP,Q319_shs_use_yn,Do you use solar home system for electricity in your house?,Yes,5
Jharkhand,JH,Q319_shs_use_yn,Do you use solar home system for electricity in your house?,Yes,6
Karnataka,KA,Q319_shs_use_yn,Do you use solar home system for electricity in your house?,Yes,23
Kerala,KL,Q319_shs_use_yn,Do you use solar home system for electricity in your house?,Yes,4
Madhya Pradesh,MP,Q319_shs_use_yn,Do you use solar home system for electricity in your house?,Yes,1
Maharashtra,MH,Q319_shs_use_yn,Do you use solar home system for electricity in your house?,Yes,6
Odisha,OR,Q319_shs_use_yn,Do you use solar home system for electricity in your house?,Yes,19
Punjab,PB,Q319_shs_use_yn,Do you use solar home system for electricity in your house?,Yes,1
Rajasthan,RJ,Q319_shs_use_yn,Do you use solar home system for electricity in your house?,Yes,6
Tamil Nadu,TN,Q319_shs_use_yn,Do you use solar home system for electricity in your house?,Yes,7
Telangana,TS,Q319_shs_use_yn,Do you use solar home system for electricity in your house?,Yes,1
Uttar Pradesh,UP,Q319_shs_use_yn,Do you use solar home system for electricity in your house?,Yes,27
Uttarakhand,UK,Q319_shs_use_yn,Do you use solar home system for electricity in your house?,Yes,4
West Bengal,WB,Q319_shs_use_yn,Do you use solar home system for electricity in your house?,Yes,2
Andhra Pradesh,AP,Q324_primary_elec_source,"Overall, what is the primary source of electricity for your household?",Grid electricity,498
Assam,AS,Q324_primary_elec_source,"Overall, what is the primary source of electricity for your household?",Grid electricity,397
Bihar,BR,Q324_primary_elec_source,"Overall, what is the primary source of electricity for your household?",Grid electricity,1308
Chhattisgarh,CH,Q324_primary_elec_source,"Overall, what is the primary source of electricity for your household?",Grid electricity,359
Delhi,DL,Q324_primary_elec_source,"Overall, what is the primary source of electricity for your household?",Grid electricity,394
Gujarat,GJ,Q324_primary_elec_source,"Overall, what is the primary source of electricity for your household?",Grid electricity,788
Haryana,HR,Q324_primary_elec_source,"Overall, what is the primary source of electricity for your household?",Grid electricity,340
Himachal Pradesh,HP,Q324_primary_elec_source,"Overall, what is the primary source of electricity for your household?",Grid electricity,384
Jharkhand,JH,Q324_primary_elec_source,"Overall, what is the primary source of electricity for your household?",Grid electricity,374
Karnataka,KA,Q324_primary_elec_source,"Overall, what is the primary source of electricity for your household?",Grid electricity,757
Kerala,KL,Q324_primary_elec_source,"Overall, what is the primary source of electricity for your household?",Grid electricity,384
Madhya Pradesh,MP,Q324_primary_elec_source,"Overall, what is the primary source of electricity for your household?",Grid electricity,900
Maharashtra,MH,Q324_primary_elec_source,"Overall, what is the primary source of electricity for your household?",Grid electricity,1402
Odisha,OR,Q324_primary_elec_source,"Overall, what is the primary source of electricity for your household?",Grid electricity,558
Punjab,PB,Q324_primary_elec_source,"Overall, what is the primary source of electricity for your household?",Grid electricity,397
Rajasthan,RJ,Q324_primary_elec_source,"Overall, what is the primary source of electricity for your household?",Grid electricity,910
Tamil Nadu,TN,Q324_primary_elec_source,"Overall, what is the primary source of electricity for your household?",Grid electricity,939
Telangana,TS,Q324_primary_elec_source,"Overall, what is the primary source of electricity for your household?",Grid electricity,492
Uttar Pradesh,UP,Q324_primary_elec_source,"Overall, what is the primary source of electricity for your household?",Grid electricity,1414
Uttarakhand,UK,Q324_primary_elec_source,"Overall, what is the primary source of electricity for your household?",Grid electricity,379
West Bengal,WB,Q324_primary_elec_source,"Overall, what is the primary source of electricity for your household?",Grid electricity,957
Andhra Pradesh,AP,Q324_primary_elec_source,"Overall, what is the primary source of electricity for your household?",N.A.,0
Assam,AS,Q324_primary_elec_source,"Overall, what is the primary source of electricity for your household?",N.A.,1
Bihar,BR,Q324_primary_elec_source,"Overall, what is the primary source of electricity for your household?",N.A.,36
Chhattisgarh,CH,Q324_primary_elec_source,"Overall, what is the primary source of electricity for your household?",N.A.,16
Delhi,DL,Q324_primary_elec_source,"Overall, what is the primary source of electricity for your household?",N.A.,1
Gujarat,GJ,Q324_primary_elec_source,"Overall, what is the primary source of electricity for your household?",N.A.,10
Haryana,HR,Q324_primary_elec_source,"Overall, what is the primary source of electricity for your household?",N.A.,39
Himachal Pradesh,HP,Q324_primary_elec_source,"Overall, what is the primary source of electricity for your household?",N.A.,0
Jharkhand,JH,Q324_primary_elec_source,"Overall, what is the primary source of electricity for your household?",N.A.,9
Karnataka,KA,Q324_primary_elec_source,"Overall, what is the primary source of electricity for your household?",N.A.,25
Kerala,KL,Q324_primary_elec_source,"Overall, what is the primary source of electricity for your household?",N.A.,0
Madhya Pradesh,MP,Q324_primary_elec_source,"Overall, what is the primary source of electricity for your household?",N.A.,63
Maharashtra,MH,Q324_primary_elec_source,"Overall, what is the primary source of electricity for your household?",N.A.,6
Odisha,OR,Q324_primary_elec_source,"Overall, what is the primary source of electricity for your household?",N.A.,11
Punjab,PB,Q324_primary_elec_source,"Overall, what is the primary source of electricity for your household?",N.A.,0
Rajasthan,RJ,Q324_primary_elec_source,"Overall, what is the primary source of electricity for your household?",N.A.,60
Tamil Nadu,TN,Q324_primary_elec_source,"Overall, what is the primary source of electricity for your household?",N.A.,22
Telangana,TS,Q324_primary_elec_source,"Overall, what is the primary source of electricity for your household?",N.A.,1
Uttar Pradesh,UP,Q324_primary_elec_source,"Overall, what is the primary source of electricity for your household?",N.A.,118
Uttarakhand,UK,Q324_primary_elec_source,"Overall, what is the primary source of electricity for your household?",N.A.,4
West Bengal,WB,Q324_primary_elec_source,"Overall, what is the primary source of electricity for your household?",N.A.,23
Andhra Pradesh,AP,Q324_primary_elec_source,"Overall, what is the primary source of electricity for your household?",Rechargeable battery,0
Assam,AS,Q324_primary_elec_source,"Overall, what is the primary source of electricity for your household?",Rechargeable battery,1
Bihar,BR,Q324_primary_elec_source,"Overall, what is the primary source of electricity for your household?",Rechargeable battery,0
Chhattisgarh,CH,Q324_primary_elec_source,"Overall, what is the primary source of electricity for your household?",Rechargeable battery,0
Delhi,DL,Q324_primary_elec_source,"Overall, what is the primary source of electricity for your household?",Rechargeable battery,0
Gujarat,GJ,Q324_primary_elec_source,"Overall, what is the primary source of electricity for your household?",Rechargeable battery,0
Haryana,HR,Q324_primary_elec_source,"Overall, what is the primary source of electricity for your household?",Rechargeable battery,0
Himachal Pradesh,HP,Q324_primary_elec_source,"Overall, what is the primary source of electricity for your household?",Rechargeable battery,0
Jharkhand,JH,Q324_primary_elec_source,"Overall, what is the primary source of electricity for your household?",Rechargeable battery,0
Karnataka,KA,Q324_primary_elec_source,"Overall, what is the primary source of electricity for your household?",Rechargeable battery,0
Kerala,KL,Q324_primary_elec_source,"Overall, what is the primary source of electricity for your household?",Rechargeable battery,0
Madhya Pradesh,MP,Q324_primary_elec_source,"Overall, what is the primary source of electricity for your household?",Rechargeable battery,1
Maharashtra,MH,Q324_primary_elec_source,"Overall, what is the primary source of electricity for your household?",Rechargeable battery,0
Odisha,OR,Q324_primary_elec_source,"Overall, what is the primary source of electricity for your household?",Rechargeable battery,0
Punjab,PB,Q324_primary_elec_source,"Overall, what is the primary source of electricity for your household?",Rechargeable battery,0
Rajasthan,RJ,Q324_primary_elec_source,"Overall, what is the primary source of electricity for your household?",Rechargeable battery,0
Tamil Nadu,TN,Q324_primary_elec_source,"Overall, what is the primary source of electricity for your household?",Rechargeable battery,5
Telangana,TS,Q324_primary_elec_source,"Overall, what is the primary source of electricity for your household?",Rechargeable battery,0
Uttar Pradesh,UP,Q324_primary_elec_source,"Overall, what is the primary source of electricity for your household?",Rechargeable battery,2
Uttarakhand,UK,Q324_primary_elec_source,"Overall, what is the primary source of electricity for your household?",Rechargeable battery,1
West Bengal,WB,Q324_primary_elec_source,"Overall, what is the primary source of electricity for your household?",Rechargeable battery,0
Andhra Pradesh,AP,Q324_primary_elec_source,"Overall, what is the primary source of electricity for your household?",Diesel generator personal ,0
Assam,AS,Q324_primary_elec_source,"Overall, what is the primary source of electricity for your household?",Diesel generator personal ,0
Bihar,BR,Q324_primary_elec_source,"Overall, what is the primary source of electricity for your household?",Diesel generator personal ,1
Chhattisgarh,CH,Q324_primary_elec_source,"Overall, what is the primary source of electricity for your household?",Diesel generator personal ,0
Delhi,DL,Q324_primary_elec_source,"Overall, what is the primary source of electricity for your household?",Diesel generator personal ,0
Gujarat,GJ,Q324_primary_elec_source,"Overall, what is the primary source of electricity for your household?",Diesel generator personal ,0
Haryana,HR,Q324_primary_elec_source,"Overall, what is the primary source of electricity for your household?",Diesel generator personal ,0
Himachal Pradesh,HP,Q324_primary_elec_source,"Overall, what is the primary source of electricity for your household?",Diesel generator personal ,0
Jharkhand,JH,Q324_primary_elec_source,"Overall, what is the primary source of electricity for your household?",Diesel generator personal ,0
Karnataka,KA,Q324_primary_elec_source,"Overall, what is the primary source of electricity for your household?",Diesel generator personal ,0
Kerala,KL,Q324_primary_elec_source,"Overall, what is the primary source of electricity for your household?",Diesel generator personal ,0
Madhya Pradesh,MP,Q324_primary_elec_source,"Overall, what is the primary source of electricity for your household?",Diesel generator personal ,0
Maharashtra,MH,Q324_primary_elec_source,"Overall, what is the primary source of electricity for your household?",Diesel generator personal ,0
Odisha,OR,Q324_primary_elec_source,"Overall, what is the primary source of electricity for your household?",Diesel generator personal ,0
Punjab,PB,Q324_primary_elec_source,"Overall, what is the primary source of electricity for your household?",Diesel generator personal ,0
Rajasthan,RJ,Q324_primary_elec_source,"Overall, what is the primary source of electricity for your household?",Diesel generator personal ,2
Tamil Nadu,TN,Q324_primary_elec_source,"Overall, what is the primary source of electricity for your household?",Diesel generator personal ,0
Telangana,TS,Q324_primary_elec_source,"Overall, what is the primary source of electricity for your household?",Diesel generator personal ,0
Uttar Pradesh,UP,Q324_primary_elec_source,"Overall, what is the primary source of electricity for your household?",Diesel generator personal ,0
Uttarakhand,UK,Q324_primary_elec_source,"Overall, what is the primary source of electricity for your household?",Diesel generator personal ,0
West Bengal,WB,Q324_primary_elec_source,"Overall, what is the primary source of electricity for your household?",Diesel generator personal ,0
Andhra Pradesh,AP,Q324_primary_elec_source,"Overall, what is the primary source of electricity for your household?",Solar home system,0
Assam,AS,Q324_primary_elec_source,"Overall, what is the primary source of electricity for your household?",Solar home system,0
Bihar,BR,Q324_primary_elec_source,"Overall, what is the primary source of electricity for your household?",Solar home system,1
Chhattisgarh,CH,Q324_primary_elec_source,"Overall, what is the primary source of electricity for your household?",Solar home system,1
Delhi,DL,Q324_primary_elec_source,"Overall, what is the primary source of electricity for your household?",Solar home system,0
Gujarat,GJ,Q324_primary_elec_source,"Overall, what is the primary source of electricity for your household?",Solar home system,0
Haryana,HR,Q324_primary_elec_source,"Overall, what is the primary source of electricity for your household?",Solar home system,4
Himachal Pradesh,HP,Q324_primary_elec_source,"Overall, what is the primary source of electricity for your household?",Solar home system,0
Jharkhand,JH,Q324_primary_elec_source,"Overall, what is the primary source of electricity for your household?",Solar home system,3
Karnataka,KA,Q324_primary_elec_source,"Overall, what is the primary source of electricity for your household?",Solar home system,6
Kerala,KL,Q324_primary_elec_source,"Overall, what is the primary source of electricity for your household?",Solar home system,1
Madhya Pradesh,MP,Q324_primary_elec_source,"Overall, what is the primary source of electricity for your household?",Solar home system,0
Maharashtra,MH,Q324_primary_elec_source,"Overall, what is the primary source of electricity for your household?",Solar home system,1
Odisha,OR,Q324_primary_elec_source,"Overall, what is the primary source of electricity for your household?",Solar home system,13
Punjab,PB,Q324_primary_elec_source,"Overall, what is the primary source of electricity for your household?",Solar home system,0
Rajasthan,RJ,Q324_primary_elec_source,"Overall, what is the primary source of electricity for your household?",Solar home system,1
Tamil Nadu,TN,Q324_primary_elec_source,"Overall, what is the primary source of electricity for your household?",Solar home system,2
Telangana,TS,Q324_primary_elec_source,"Overall, what is the primary source of electricity for your household?",Solar home system,0
Uttar Pradesh,UP,Q324_primary_elec_source,"Overall, what is the primary source of electricity for your household?",Solar home system,14
Uttarakhand,UK,Q324_primary_elec_source,"Overall, what is the primary source of electricity for your household?",Solar home system,0
West Bengal,WB,Q324_primary_elec_source,"Overall, what is the primary source of electricity for your household?",Solar home system,0
Andhra Pradesh,AP,Q324_primary_elec_source,"Overall, what is the primary source of electricity for your household?",Solar mini grid,0
Assam,AS,Q324_primary_elec_source,"Overall, what is the primary source of electricity for your household?",Solar mini grid,0
Bihar,BR,Q324_primary_elec_source,"Overall, what is the primary source of electricity for your household?",Solar mini grid,0
Chhattisgarh,CH,Q324_primary_elec_source,"Overall, what is the primary source of electricity for your household?",Solar mini grid,10
Delhi,DL,Q324_primary_elec_source,"Overall, what is the primary source of electricity for your household?",Solar mini grid,0
Gujarat,GJ,Q324_primary_elec_source,"Overall, what is the primary source of electricity for your household?",Solar mini grid,0
Haryana,HR,Q324_primary_elec_source,"Overall, what is the primary source of electricity for your household?",Solar mini grid,0
Himachal Pradesh,HP,Q324_primary_elec_source,"Overall, what is the primary source of electricity for your household?",Solar mini grid,0
Jharkhand,JH,Q324_primary_elec_source,"Overall, what is the primary source of electricity for your household?",Solar mini grid,0
Karnataka,KA,Q324_primary_elec_source,"Overall, what is the primary source of electricity for your household?",Solar mini grid,0
Kerala,KL,Q324_primary_elec_source,"Overall, what is the primary source of electricity for your household?",Solar mini grid,0
Madhya Pradesh,MP,Q324_primary_elec_source,"Overall, what is the primary source of electricity for your household?",Solar mini grid,0
Maharashtra,MH,Q324_primary_elec_source,"Overall, what is the primary source of electricity for your household?",Solar mini grid,0
Odisha,OR,Q324_primary_elec_source,"Overall, what is the primary source of electricity for your household?",Solar mini grid,4
Punjab,PB,Q324_primary_elec_source,"Overall, what is the primary source of electricity for your household?",Solar mini grid,0
Rajasthan,RJ,Q324_primary_elec_source,"Overall, what is the primary source of electricity for your household?",Solar mini grid,0
Tamil Nadu,TN,Q324_primary_elec_source,"Overall, what is the primary source of electricity for your household?",Solar mini grid,0
Telangana,TS,Q324_primary_elec_source,"Overall, what is the primary source of electricity for your household?",Solar mini grid,0
Uttar Pradesh,UP,Q324_primary_elec_source,"Overall, what is the primary source of electricity for your household?",Solar mini grid,0
Uttarakhand,UK,Q324_primary_elec_source,"Overall, what is the primary source of electricity for your household?",Solar mini grid,0
West Bengal,WB,Q324_primary_elec_source,"Overall, what is the primary source of electricity for your household?",Solar mini grid,0
Andhra Pradesh,AP,Q324_primary_elec_source,"Overall, what is the primary source of electricity for your household?",Diesel generator society ,0
Assam,AS,Q324_primary_elec_source,"Overall, what is the primary source of electricity for your household?",Diesel generator society ,0
Bihar,BR,Q324_primary_elec_source,"Overall, what is the primary source of electricity for your household?",Diesel generator society ,0
Chhattisgarh,CH,Q324_primary_elec_source,"Overall, what is the primary source of electricity for your household?",Diesel generator society ,0
Delhi,DL,Q324_primary_elec_source,"Overall, what is the primary source of electricity for your household?",Diesel generator society ,0
Gujarat,GJ,Q324_primary_elec_source,"Overall, what is the primary source of electricity for your household?",Diesel generator society ,0
Haryana,HR,Q324_primary_elec_source,"Overall, what is the primary source of electricity for your household?",Diesel generator society ,0
Himachal Pradesh,HP,Q324_primary_elec_source,"Overall, what is the primary source of electricity for your household?",Diesel generator society ,0
Jharkhand,JH,Q324_primary_elec_source,"Overall, what is the primary source of electricity for your household?",Diesel generator society ,0
Karnataka,KA,Q324_primary_elec_source,"Overall, what is the primary source of electricity for your household?",Diesel generator society ,0
Kerala,KL,Q324_primary_elec_source,"Overall, what is the primary source of electricity for your household?",Diesel generator society ,0
Madhya Pradesh,MP,Q324_primary_elec_source,"Overall, what is the primary source of electricity for your household?",Diesel generator society ,0
Maharashtra,MH,Q324_primary_elec_source,"Overall, what is the primary source of electricity for your household?",Diesel generator society ,0
Odisha,OR,Q324_primary_elec_source,"Overall, what is the primary source of electricity for your household?",Diesel generator society ,0
Punjab,PB,Q324_primary_elec_source,"Overall, what is the primary source of electricity for your household?",Diesel generator society ,0
Rajasthan,RJ,Q324_primary_elec_source,"Overall, what is the primary source of electricity for your household?",Diesel generator society ,0
Tamil Nadu,TN,Q324_primary_elec_source,"Overall, what is the primary source of electricity for your household?",Diesel generator society ,1
Telangana,TS,Q324_primary_elec_source,"Overall, what is the primary source of electricity for your household?",Diesel generator society ,0
Uttar Pradesh,UP,Q324_primary_elec_source,"Overall, what is the primary source of electricity for your household?",Diesel generator society ,0
Uttarakhand,UK,Q324_primary_elec_source,"Overall, what is the primary source of electricity for your household?",Diesel generator society ,0
West Bengal,WB,Q324_primary_elec_source,"Overall, what is the primary source of electricity for your household?",Diesel generator society ,0
Andhra Pradesh,AP,Q326_satisfied_elec,"Overall, how satisfied are you with the electricity situation in your home?",Neutral,19
Assam,AS,Q326_satisfied_elec,"Overall, how satisfied are you with the electricity situation in your home?",Neutral,39
Bihar,BR,Q326_satisfied_elec,"Overall, how satisfied are you with the electricity situation in your home?",Neutral,44
Chhattisgarh,CH,Q326_satisfied_elec,"Overall, how satisfied are you with the electricity situation in your home?",Neutral,14
Delhi,DL,Q326_satisfied_elec,"Overall, how satisfied are you with the electricity situation in your home?",Neutral,1
Gujarat,GJ,Q326_satisfied_elec,"Overall, how satisfied are you with the electricity situation in your home?",Neutral,65
Haryana,HR,Q326_satisfied_elec,"Overall, how satisfied are you with the electricity situation in your home?",Neutral,18
Himachal Pradesh,HP,Q326_satisfied_elec,"Overall, how satisfied are you with the electricity situation in your home?",Neutral,13
Jharkhand,JH,Q326_satisfied_elec,"Overall, how satisfied are you with the electricity situation in your home?",Neutral,22
Karnataka,KA,Q326_satisfied_elec,"Overall, how satisfied are you with the electricity situation in your home?",Neutral,147
Kerala,KL,Q326_satisfied_elec,"Overall, how satisfied are you with the electricity situation in your home?",Neutral,137
Madhya Pradesh,MP,Q326_satisfied_elec,"Overall, how satisfied are you with the electricity situation in your home?",Neutral,86
Maharashtra,MH,Q326_satisfied_elec,"Overall, how satisfied are you with the electricity situation in your home?",Neutral,35
Odisha,OR,Q326_satisfied_elec,"Overall, how satisfied are you with the electricity situation in your home?",Neutral,3
Punjab,PB,Q326_satisfied_elec,"Overall, how satisfied are you with the electricity situation in your home?",Neutral,18
Rajasthan,RJ,Q326_satisfied_elec,"Overall, how satisfied are you with the electricity situation in your home?",Neutral,53
Tamil Nadu,TN,Q326_satisfied_elec,"Overall, how satisfied are you with the electricity situation in your home?",Neutral,93
Telangana,TS,Q326_satisfied_elec,"Overall, how satisfied are you with the electricity situation in your home?",Neutral,21
Uttar Pradesh,UP,Q326_satisfied_elec,"Overall, how satisfied are you with the electricity situation in your home?",Neutral,189
Uttarakhand,UK,Q326_satisfied_elec,"Overall, how satisfied are you with the electricity situation in your home?",Neutral,8
West Bengal,WB,Q326_satisfied_elec,"Overall, how satisfied are you with the electricity situation in your home?",Neutral,120
Andhra Pradesh,AP,Q326_satisfied_elec,"Overall, how satisfied are you with the electricity situation in your home?",Somewhat Satisfied,132
Assam,AS,Q326_satisfied_elec,"Overall, how satisfied are you with the electricity situation in your home?",Somewhat Satisfied,153
Bihar,BR,Q326_satisfied_elec,"Overall, how satisfied are you with the electricity situation in your home?",Somewhat Satisfied,329
Chhattisgarh,CH,Q326_satisfied_elec,"Overall, how satisfied are you with the electricity situation in your home?",Somewhat Satisfied,131
Delhi,DL,Q326_satisfied_elec,"Overall, how satisfied are you with the electricity situation in your home?",Somewhat Satisfied,31
Gujarat,GJ,Q326_satisfied_elec,"Overall, how satisfied are you with the electricity situation in your home?",Somewhat Satisfied,133
Haryana,HR,Q326_satisfied_elec,"Overall, how satisfied are you with the electricity situation in your home?",Somewhat Satisfied,42
Himachal Pradesh,HP,Q326_satisfied_elec,"Overall, how satisfied are you with the electricity situation in your home?",Somewhat Satisfied,77
Jharkhand,JH,Q326_satisfied_elec,"Overall, how satisfied are you with the electricity situation in your home?",Somewhat Satisfied,124
Karnataka,KA,Q326_satisfied_elec,"Overall, how satisfied are you with the electricity situation in your home?",Somewhat Satisfied,132
Kerala,KL,Q326_satisfied_elec,"Overall, how satisfied are you with the electricity situation in your home?",Somewhat Satisfied,139
Madhya Pradesh,MP,Q326_satisfied_elec,"Overall, how satisfied are you with the electricity situation in your home?",Somewhat Satisfied,195
Maharashtra,MH,Q326_satisfied_elec,"Overall, how satisfied are you with the electricity situation in your home?",Somewhat Satisfied,414
Odisha,OR,Q326_satisfied_elec,"Overall, how satisfied are you with the electricity situation in your home?",Somewhat Satisfied,46
Punjab,PB,Q326_satisfied_elec,"Overall, how satisfied are you with the electricity situation in your home?",Somewhat Satisfied,129
Rajasthan,RJ,Q326_satisfied_elec,"Overall, how satisfied are you with the electricity situation in your home?",Somewhat Satisfied,398
Tamil Nadu,TN,Q326_satisfied_elec,"Overall, how satisfied are you with the electricity situation in your home?",Somewhat Satisfied,182
Telangana,TS,Q326_satisfied_elec,"Overall, how satisfied are you with the electricity situation in your home?",Somewhat Satisfied,55
Uttar Pradesh,UP,Q326_satisfied_elec,"Overall, how satisfied are you with the electricity situation in your home?",Somewhat Satisfied,350
Uttarakhand,UK,Q326_satisfied_elec,"Overall, how satisfied are you with the electricity situation in your home?",Somewhat Satisfied,49
West Bengal,WB,Q326_satisfied_elec,"Overall, how satisfied are you with the electricity situation in your home?",Somewhat Satisfied,373
Andhra Pradesh,AP,Q326_satisfied_elec,"Overall, how satisfied are you with the electricity situation in your home?",Very Satisfied,327
Assam,AS,Q326_satisfied_elec,"Overall, how satisfied are you with the electricity situation in your home?",Very Satisfied,34
Bihar,BR,Q326_satisfied_elec,"Overall, how satisfied are you with the electricity situation in your home?",Very Satisfied,761
Chhattisgarh,CH,Q326_satisfied_elec,"Overall, how satisfied are you with the electricity situation in your home?",Very Satisfied,179
Delhi,DL,Q326_satisfied_elec,"Overall, how satisfied are you with the electricity situation in your home?",Very Satisfied,351
Gujarat,GJ,Q326_satisfied_elec,"Overall, how satisfied are you with the electricity situation in your home?",Very Satisfied,549
Haryana,HR,Q326_satisfied_elec,"Overall, how satisfied are you with the electricity situation in your home?",Very Satisfied,240
Himachal Pradesh,HP,Q326_satisfied_elec,"Overall, how satisfied are you with the electricity situation in your home?",Very Satisfied,264
Jharkhand,JH,Q326_satisfied_elec,"Overall, how satisfied are you with the electricity situation in your home?",Very Satisfied,125
Karnataka,KA,Q326_satisfied_elec,"Overall, how satisfied are you with the electricity situation in your home?",Very Satisfied,429
Kerala,KL,Q326_satisfied_elec,"Overall, how satisfied are you with the electricity situation in your home?",Very Satisfied,67
Madhya Pradesh,MP,Q326_satisfied_elec,"Overall, how satisfied are you with the electricity situation in your home?",Very Satisfied,351
Maharashtra,MH,Q326_satisfied_elec,"Overall, how satisfied are you with the electricity situation in your home?",Very Satisfied,815
Odisha,OR,Q326_satisfied_elec,"Overall, how satisfied are you with the electricity situation in your home?",Very Satisfied,485
Punjab,PB,Q326_satisfied_elec,"Overall, how satisfied are you with the electricity situation in your home?",Very Satisfied,224
Rajasthan,RJ,Q326_satisfied_elec,"Overall, how satisfied are you with the electricity situation in your home?",Very Satisfied,281
Tamil Nadu,TN,Q326_satisfied_elec,"Overall, how satisfied are you with the electricity situation in your home?",Very Satisfied,597
Telangana,TS,Q326_satisfied_elec,"Overall, how satisfied are you with the electricity situation in your home?",Very Satisfied,365
Uttar Pradesh,UP,Q326_satisfied_elec,"Overall, how satisfied are you with the electricity situation in your home?",Very Satisfied,544
Uttarakhand,UK,Q326_satisfied_elec,"Overall, how satisfied are you with the electricity situation in your home?",Very Satisfied,275
West Bengal,WB,Q326_satisfied_elec,"Overall, how satisfied are you with the electricity situation in your home?",Very Satisfied,385
Andhra Pradesh,AP,Q326_satisfied_elec,"Overall, how satisfied are you with the electricity situation in your home?",Very Unsatisfied,20
Assam,AS,Q326_satisfied_elec,"Overall, how satisfied are you with the electricity situation in your home?",Very Unsatisfied,30
Bihar,BR,Q326_satisfied_elec,"Overall, how satisfied are you with the electricity situation in your home?",Very Unsatisfied,77
Chhattisgarh,CH,Q326_satisfied_elec,"Overall, how satisfied are you with the electricity situation in your home?",Very Unsatisfied,15
Delhi,DL,Q326_satisfied_elec,"Overall, how satisfied are you with the electricity situation in your home?",Very Unsatisfied,8
Gujarat,GJ,Q326_satisfied_elec,"Overall, how satisfied are you with the electricity situation in your home?",Very Unsatisfied,27
Haryana,HR,Q326_satisfied_elec,"Overall, how satisfied are you with the electricity situation in your home?",Very Unsatisfied,29
Himachal Pradesh,HP,Q326_satisfied_elec,"Overall, how satisfied are you with the electricity situation in your home?",Very Unsatisfied,22
Jharkhand,JH,Q326_satisfied_elec,"Overall, how satisfied are you with the electricity situation in your home?",Very Unsatisfied,65
Karnataka,KA,Q326_satisfied_elec,"Overall, how satisfied are you with the electricity situation in your home?",Very Unsatisfied,29
Kerala,KL,Q326_satisfied_elec,"Overall, how satisfied are you with the electricity situation in your home?",Very Unsatisfied,17
Madhya Pradesh,MP,Q326_satisfied_elec,"Overall, how satisfied are you with the electricity situation in your home?",Very Unsatisfied,130
Maharashtra,MH,Q326_satisfied_elec,"Overall, how satisfied are you with the electricity situation in your home?",Very Unsatisfied,74
Odisha,OR,Q326_satisfied_elec,"Overall, how satisfied are you with the electricity situation in your home?",Very Unsatisfied,24
Punjab,PB,Q326_satisfied_elec,"Overall, how satisfied are you with the electricity situation in your home?",Very Unsatisfied,22
Rajasthan,RJ,Q326_satisfied_elec,"Overall, how satisfied are you with the electricity situation in your home?",Very Unsatisfied,48
Tamil Nadu,TN,Q326_satisfied_elec,"Overall, how satisfied are you with the electricity situation in your home?",Very Unsatisfied,48
Telangana,TS,Q326_satisfied_elec,"Overall, how satisfied are you with the electricity situation in your home?",Very Unsatisfied,44
Uttar Pradesh,UP,Q326_satisfied_elec,"Overall, how satisfied are you with the electricity situation in your home?",Very Unsatisfied,141
Uttarakhand,UK,Q326_satisfied_elec,"Overall, how satisfied are you with the electricity situation in your home?",Very Unsatisfied,45
West Bengal,WB,Q326_satisfied_elec,"Overall, how satisfied are you with the electricity situation in your home?",Very Unsatisfied,30
Andhra Pradesh,AP,Q326_satisfied_elec,"Overall, how satisfied are you with the electricity situation in your home?",N.A.,0
Assam,AS,Q326_satisfied_elec,"Overall, how satisfied are you with the electricity situation in your home?",N.A.,1
Bihar,BR,Q326_satisfied_elec,"Overall, how satisfied are you with the electricity situation in your home?",N.A.,36
Chhattisgarh,CH,Q326_satisfied_elec,"Overall, how satisfied are you with the electricity situation in your home?",N.A.,16
Delhi,DL,Q326_satisfied_elec,"Overall, how satisfied are you with the electricity situation in your home?",N.A.,1
Gujarat,GJ,Q326_satisfied_elec,"Overall, how satisfied are you with the electricity situation in your home?",N.A.,9
Haryana,HR,Q326_satisfied_elec,"Overall, how satisfied are you with the electricity situation in your home?",N.A.,39
Himachal Pradesh,HP,Q326_satisfied_elec,"Overall, how satisfied are you with the electricity situation in your home?",N.A.,0
Jharkhand,JH,Q326_satisfied_elec,"Overall, how satisfied are you with the electricity situation in your home?",N.A.,9
Karnataka,KA,Q326_satisfied_elec,"Overall, how satisfied are you with the electricity situation in your home?",N.A.,25
Kerala,KL,Q326_satisfied_elec,"Overall, how satisfied are you with the electricity situation in your home?",N.A.,0
Madhya Pradesh,MP,Q326_satisfied_elec,"Overall, how satisfied are you with the electricity situation in your home?",N.A.,63
Maharashtra,MH,Q326_satisfied_elec,"Overall, how satisfied are you with the electricity situation in your home?",N.A.,6
Odisha,OR,Q326_satisfied_elec,"Overall, how satisfied are you with the electricity situation in your home?",N.A.,11
Punjab,PB,Q326_satisfied_elec,"Overall, how satisfied are you with the electricity situation in your home?",N.A.,0
Rajasthan,RJ,Q326_satisfied_elec,"Overall, how satisfied are you with the electricity situation in your home?",N.A.,60
Tamil Nadu,TN,Q326_satisfied_elec,"Overall, how satisfied are you with the electricity situation in your home?",N.A.,22
Telangana,TS,Q326_satisfied_elec,"Overall, how satisfied are you with the electricity situation in your home?",N.A.,1
Uttar Pradesh,UP,Q326_satisfied_elec,"Overall, how satisfied are you with the electricity situation in your home?",N.A.,118
Uttarakhand,UK,Q326_satisfied_elec,"Overall, how satisfied are you with the electricity situation in your home?",N.A.,4
West Bengal,WB,Q326_satisfied_elec,"Overall, how satisfied are you with the electricity situation in your home?",N.A.,23
Andhra Pradesh,AP,Q326_satisfied_elec,"Overall, how satisfied are you with the electricity situation in your home?",Somewhat Unsatisfied,0
Assam,AS,Q326_satisfied_elec,"Overall, how satisfied are you with the electricity situation in your home?",Somewhat Unsatisfied,142
Bihar,BR,Q326_satisfied_elec,"Overall, how satisfied are you with the electricity situation in your home?",Somewhat Unsatisfied,99
Chhattisgarh,CH,Q326_satisfied_elec,"Overall, how satisfied are you with the electricity situation in your home?",Somewhat Unsatisfied,31
Delhi,DL,Q326_satisfied_elec,"Overall, how satisfied are you with the electricity situation in your home?",Somewhat Unsatisfied,3
Gujarat,GJ,Q326_satisfied_elec,"Overall, how satisfied are you with the electricity situation in your home?",Somewhat Unsatisfied,15
Haryana,HR,Q326_satisfied_elec,"Overall, how satisfied are you with the electricity situation in your home?",Somewhat Unsatisfied,15
Himachal Pradesh,HP,Q326_satisfied_elec,"Overall, how satisfied are you with the electricity situation in your home?",Somewhat Unsatisfied,8
Jharkhand,JH,Q326_satisfied_elec,"Overall, how satisfied are you with the electricity situation in your home?",Somewhat Unsatisfied,41
Karnataka,KA,Q326_satisfied_elec,"Overall, how satisfied are you with the electricity situation in your home?",Somewhat Unsatisfied,26
Kerala,KL,Q326_satisfied_elec,"Overall, how satisfied are you with the electricity situation in your home?",Somewhat Unsatisfied,25
Madhya Pradesh,MP,Q326_satisfied_elec,"Overall, how satisfied are you with the electricity situation in your home?",Somewhat Unsatisfied,139
Maharashtra,MH,Q326_satisfied_elec,"Overall, how satisfied are you with the electricity situation in your home?",Somewhat Unsatisfied,65
Odisha,OR,Q326_satisfied_elec,"Overall, how satisfied are you with the electricity situation in your home?",Somewhat Unsatisfied,17
Punjab,PB,Q326_satisfied_elec,"Overall, how satisfied are you with the electricity situation in your home?",Somewhat Unsatisfied,4
Rajasthan,RJ,Q326_satisfied_elec,"Overall, how satisfied are you with the electricity situation in your home?",Somewhat Unsatisfied,133
Tamil Nadu,TN,Q326_satisfied_elec,"Overall, how satisfied are you with the electricity situation in your home?",Somewhat Unsatisfied,27
Telangana,TS,Q326_satisfied_elec,"Overall, how satisfied are you with the electricity situation in your home?",Somewhat Unsatisfied,7
Uttar Pradesh,UP,Q326_satisfied_elec,"Overall, how satisfied are you with the electricity situation in your home?",Somewhat Unsatisfied,206
Uttarakhand,UK,Q326_satisfied_elec,"Overall, how satisfied are you with the electricity situation in your home?",Somewhat Unsatisfied,3
West Bengal,WB,Q326_satisfied_elec,"Overall, how satisfied are you with the electricity situation in your home?",Somewhat Unsatisfied,49
