State,Year,Sector,Unit,Energy_Sold
Andaman and Nicobar,2016-17,Domestic,GWh,139.1
Andaman and Nicobar,2016-17,Commercial,GWh,65.6
Andaman and Nicobar,2016-17,Industrial,GWh,16.9
Andaman and Nicobar,2016-17,Public_Lighting,GWh,10.3
Andaman and Nicobar,2016-17,Traction,GWh,0
Andaman and Nicobar,2016-17,Agriculture,GWh,0
Andaman and Nicobar,2016-17,Water_Sewage,GWh,0
Andaman and Nicobar,2016-17,Miscellaneous,GWh,34
Andaman and Nicobar,2017-18,Domestic,GWh,141.7
Andaman and Nicobar,2017-18,Commercial,GWh,58.7
Andaman and Nicobar,2017-18,Industrial,GWh,17.6
Andaman and Nicobar,2017-18,Public_Lighting,GWh,7.8
Andaman and Nicobar,2017-18,Traction,GWh,0
Andaman and Nicobar,2017-18,Agriculture,GWh,1.2
Andaman and Nicobar,2017-18,Water_Sewage,GWh,0
Andaman and Nicobar,2017-18,Miscellaneous,GWh,38.7
Andaman and Nicobar,2018-19,Domestic,GWh,133.9
Andaman and Nicobar,2018-19,Commercial,GWh,60.3
Andaman and Nicobar,2018-19,Industrial,GWh,21
Andaman and Nicobar,2018-19,Public_Lighting,GWh,6.7
Andaman and Nicobar,2018-19,Traction,GWh,0
Andaman and Nicobar,2018-19,Agriculture,GWh,1
Andaman and Nicobar,2018-19,Water_Sewage,GWh,0
Andaman and Nicobar,2018-19,Miscellaneous,GWh,31.8
Andaman and Nicobar,2019-20,Domestic,GWh,143.2
Andaman and Nicobar,2019-20,Commercial,GWh,70.4
Andaman and Nicobar,2019-20,Industrial,GWh,12.8
Andaman and Nicobar,2019-20,Public_Lighting,GWh,6.7
Andaman and Nicobar,2019-20,Traction,GWh,0
Andaman and Nicobar,2019-20,Agriculture,GWh,1.1
Andaman and Nicobar,2019-20,Water_Sewage,GWh,0
Andaman and Nicobar,2019-20,Miscellaneous,GWh,34.2
Andaman and Nicobar,2020-21,Domestic,GWh,148.1
Andaman and Nicobar,2020-21,Commercial,GWh,49.2
Andaman and Nicobar,2020-21,Industrial,GWh,9.2
Andaman and Nicobar,2020-21,Public_Lighting,GWh,6.5
Andaman and Nicobar,2020-21,Traction,GWh,0
Andaman and Nicobar,2020-21,Agriculture,GWh,1.1
Andaman and Nicobar,2020-21,Water_Sewage,GWh,0
Andaman and Nicobar,2020-21,Miscellaneous,GWh,31.1
Andhra Pradesh,2016-17,Domestic,GWh,12383.1
Andhra Pradesh,2016-17,Commercial,GWh,3185.8
Andhra Pradesh,2016-17,Industrial,GWh,15727.6
Andhra Pradesh,2016-17,Public_Lighting,GWh,395.2
Andhra Pradesh,2016-17,Traction,GWh,1240.3
Andhra Pradesh,2016-17,Agriculture,GWh,13296.6
Andhra Pradesh,2016-17,Water_Sewage,GWh,511.6
Andhra Pradesh,2016-17,Miscellaneous,GWh,1021.3
Andhra Pradesh,2017-18,Domestic,GWh,13372.7
Andhra Pradesh,2017-18,Commercial,GWh,3384.8
Andhra Pradesh,2017-18,Industrial,GWh,17730.8
Andhra Pradesh,2017-18,Public_Lighting,GWh,500.5
Andhra Pradesh,2017-18,Traction,GWh,1923.6
Andhra Pradesh,2017-18,Agriculture,GWh,12589.2
Andhra Pradesh,2017-18,Water_Sewage,GWh,472.3
Andhra Pradesh,2017-18,Miscellaneous,GWh,1026.9
Andhra Pradesh,2018-19,Domestic,GWh,14201.6
Andhra Pradesh,2018-19,Commercial,GWh,4724.6
Andhra Pradesh,2018-19,Industrial,GWh,18495.6
Andhra Pradesh,2018-19,Public_Lighting,GWh,553.7
Andhra Pradesh,2018-19,Traction,GWh,1534.8
Andhra Pradesh,2018-19,Agriculture,GWh,12838.6
Andhra Pradesh,2018-19,Water_Sewage,GWh,579.5
Andhra Pradesh,2018-19,Miscellaneous,GWh,2478.4
Andhra Pradesh,2019-20,Domestic,GWh,15840.3
Andhra Pradesh,2019-20,Commercial,GWh,4929.6
Andhra Pradesh,2019-20,Industrial,GWh,15294.4
Andhra Pradesh,2019-20,Public_Lighting,GWh,296.7
Andhra Pradesh,2019-20,Traction,GWh,1595.2
Andhra Pradesh,2019-20,Agriculture,GWh,15338.1
Andhra Pradesh,2019-20,Water_Sewage,GWh,955.3
Andhra Pradesh,2019-20,Miscellaneous,GWh,2869
Andhra Pradesh,2020-21,Domestic,GWh,17477.8
Andhra Pradesh,2020-21,Commercial,GWh,3051.2
Andhra Pradesh,2020-21,Industrial,GWh,16547.4
Andhra Pradesh,2020-21,Public_Lighting,GWh,214.7
Andhra Pradesh,2020-21,Traction,GWh,1399.2
Andhra Pradesh,2020-21,Agriculture,GWh,9368.7
Andhra Pradesh,2020-21,Water_Sewage,GWh,630.9
Andhra Pradesh,2020-21,Miscellaneous,GWh,3066.2
Arunachal Pradesh,2016-17,Domestic,GWh,148
Arunachal Pradesh,2016-17,Commercial,GWh,44.5
Arunachal Pradesh,2016-17,Industrial,GWh,106.3
Arunachal Pradesh,2016-17,Public_Lighting,GWh,10.9
Arunachal Pradesh,2016-17,Traction,GWh,0
Arunachal Pradesh,2016-17,Agriculture,GWh,0
Arunachal Pradesh,2016-17,Water_Sewage,GWh,0
Arunachal Pradesh,2016-17,Miscellaneous,GWh,61.1
Arunachal Pradesh,2017-18,Domestic,GWh,171.5
Arunachal Pradesh,2017-18,Commercial,GWh,53.6
Arunachal Pradesh,2017-18,Industrial,GWh,131.1
Arunachal Pradesh,2017-18,Public_Lighting,GWh,11.9
Arunachal Pradesh,2017-18,Traction,GWh,2.1
Arunachal Pradesh,2017-18,Agriculture,GWh,0
Arunachal Pradesh,2017-18,Water_Sewage,GWh,0
Arunachal Pradesh,2017-18,Miscellaneous,GWh,66.7
Arunachal Pradesh,2018-19,Domestic,GWh,185.7
Arunachal Pradesh,2018-19,Commercial,GWh,51
Arunachal Pradesh,2018-19,Industrial,GWh,120.9
Arunachal Pradesh,2018-19,Public_Lighting,GWh,10.1
Arunachal Pradesh,2018-19,Traction,GWh,0
Arunachal Pradesh,2018-19,Agriculture,GWh,0
Arunachal Pradesh,2018-19,Water_Sewage,GWh,0
Arunachal Pradesh,2018-19,Miscellaneous,GWh,78.8
Arunachal Pradesh,2019-20,Domestic,GWh,167.4
Arunachal Pradesh,2019-20,Commercial,GWh,51.5
Arunachal Pradesh,2019-20,Industrial,GWh,122.1
Arunachal Pradesh,2019-20,Public_Lighting,GWh,10.2
Arunachal Pradesh,2019-20,Traction,GWh,0
Arunachal Pradesh,2019-20,Agriculture,GWh,0
Arunachal Pradesh,2019-20,Water_Sewage,GWh,0
Arunachal Pradesh,2019-20,Miscellaneous,GWh,67.4
Arunachal Pradesh,2020-21,Domestic,GWh,188.9
Arunachal Pradesh,2020-21,Commercial,GWh,53.7
Arunachal Pradesh,2020-21,Industrial,GWh,127.5
Arunachal Pradesh,2020-21,Public_Lighting,GWh,10.3
Arunachal Pradesh,2020-21,Traction,GWh,0
Arunachal Pradesh,2020-21,Agriculture,GWh,0.8
Arunachal Pradesh,2020-21,Water_Sewage,GWh,9.3
Arunachal Pradesh,2020-21,Miscellaneous,GWh,14.6
Assam,2016-17,Domestic,GWh,3425
Assam,2016-17,Commercial,GWh,1011
Assam,2016-17,Industrial,GWh,1355
Assam,2016-17,Public_Lighting,GWh,17
Assam,2016-17,Traction,GWh,0
Assam,2016-17,Agriculture,GWh,36
Assam,2016-17,Water_Sewage,GWh,87
Assam,2016-17,Miscellaneous,GWh,594
Assam,2017-18,Domestic,GWh,3804.2
Assam,2017-18,Commercial,GWh,1035.4
Assam,2017-18,Industrial,GWh,1472.1
Assam,2017-18,Public_Lighting,GWh,12.7
Assam,2017-18,Traction,GWh,0
Assam,2017-18,Agriculture,GWh,34.7
Assam,2017-18,Water_Sewage,GWh,71
Assam,2017-18,Miscellaneous,GWh,633.8
Assam,2018-19,Domestic,GWh,3677.5
Assam,2018-19,Commercial,GWh,1096.9
Assam,2018-19,Industrial,GWh,1641.9
Assam,2018-19,Public_Lighting,GWh,16
Assam,2018-19,Traction,GWh,0
Assam,2018-19,Agriculture,GWh,46.7
Assam,2018-19,Water_Sewage,GWh,86.2
Assam,2018-19,Miscellaneous,GWh,703
Assam,2019-20,Domestic,GWh,3652
Assam,2019-20,Commercial,GWh,1078
Assam,2019-20,Industrial,GWh,1665
Assam,2019-20,Public_Lighting,GWh,14
Assam,2019-20,Traction,GWh,0
Assam,2019-20,Agriculture,GWh,37
Assam,2019-20,Water_Sewage,GWh,77
Assam,2019-20,Miscellaneous,GWh,586
Assam,2020-21,Domestic,GWh,3785
Assam,2020-21,Commercial,GWh,1099.7
Assam,2020-21,Industrial,GWh,1690.9
Assam,2020-21,Public_Lighting,GWh,18.7
Assam,2020-21,Traction,GWh,0
Assam,2020-21,Agriculture,GWh,39
Assam,2020-21,Water_Sewage,GWh,80.4
Assam,2020-21,Miscellaneous,GWh,642.7
Bihar,2017-18,Domestic,GWh,9084.7
Bihar,2017-18,Commercial,GWh,1742
Bihar,2017-18,Industrial,GWh,2772.7
Bihar,2017-18,Public_Lighting,GWh,57.6
Bihar,2017-18,Traction,GWh,700
Bihar,2017-18,Agriculture,GWh,479.8
Bihar,2017-18,Water_Sewage,GWh,107.4
Bihar,2017-18,Miscellaneous,GWh,3769
Bihar,2018-19,Domestic,GWh,11505.5
Bihar,2018-19,Commercial,GWh,2067.8
Bihar,2018-19,Industrial,GWh,3136.3
Bihar,2018-19,Public_Lighting,GWh,62.2
Bihar,2018-19,Traction,GWh,1249
Bihar,2018-19,Agriculture,GWh,726.7
Bihar,2018-19,Water_Sewage,GWh,104.8
Bihar,2018-19,Miscellaneous,GWh,2004.2
Bihar,2019-20,Domestic,GWh,13497.5
Bihar,2019-20,Commercial,GWh,2126.5
Bihar,2019-20,Industrial,GWh,3344.1
Bihar,2019-20,Public_Lighting,GWh,106.2
Bihar,2019-20,Traction,GWh,1442.7
Bihar,2019-20,Agriculture,GWh,932.9
Bihar,2019-20,Water_Sewage,GWh,131
Bihar,2019-20,Miscellaneous,GWh,1127.5
Bihar,2020-21,Domestic,GWh,15045.5
Bihar,2020-21,Commercial,GWh,2396.1
Bihar,2020-21,Industrial,GWh,3570.6
Bihar,2020-21,Public_Lighting,GWh,83.9
Bihar,2020-21,Traction,GWh,1056.1
Bihar,2020-21,Agriculture,GWh,1149.3
Bihar,2020-21,Water_Sewage,GWh,216.2
Bihar,2020-21,Miscellaneous,GWh,590.6
Bihar(Projected),2016-17,Domestic,GWh,8443.3
Bihar(Projected),2016-17,Commercial,GWh,1702.2
Bihar(Projected),2016-17,Industrial,GWh,2629.6
Bihar(Projected),2016-17,Public_Lighting,GWh,32.3
Bihar(Projected),2016-17,Traction,GWh,626.4
Bihar(Projected),2016-17,Agriculture,GWh,409.3
Bihar(Projected),2016-17,Water_Sewage,GWh,81.3
Bihar(Projected),2016-17,Miscellaneous,GWh,3326.4
Chandigarh,2016-17,Domestic,GWh,719.2
Chandigarh,2016-17,Commercial,GWh,497.8
Chandigarh,2016-17,Industrial,GWh,262.4
Chandigarh,2016-17,Public_Lighting,GWh,21.4
Chandigarh,2016-17,Traction,GWh,0
Chandigarh,2016-17,Agriculture,GWh,4.2
Chandigarh,2016-17,Water_Sewage,GWh,NA
Chandigarh,2016-17,Miscellaneous,GWh,83.9
Chandigarh,2017-18,Domestic,GWh,731.2
Chandigarh,2017-18,Commercial,GWh,483.7
Chandigarh,2017-18,Industrial,GWh,254.7
Chandigarh,2017-18,Public_Lighting,GWh,17.8
Chandigarh,2017-18,Traction,GWh,0
Chandigarh,2017-18,Agriculture,GWh,1.4
Chandigarh,2017-18,Water_Sewage,GWh,NA
Chandigarh,2017-18,Miscellaneous,GWh,85
Chandigarh,2018-19,Domestic,GWh,704.7
Chandigarh,2018-19,Commercial,GWh,473
Chandigarh,2018-19,Industrial,GWh,260.4
Chandigarh,2018-19,Public_Lighting,GWh,15.1
Chandigarh,2018-19,Traction,GWh,0
Chandigarh,2018-19,Agriculture,GWh,1.4
Chandigarh,2018-19,Water_Sewage,GWh,NA
Chandigarh,2018-19,Miscellaneous,GWh,80.9
Chandigarh,2019-20,Domestic,GWh,757.3
Chandigarh,2019-20,Commercial,GWh,474.5
Chandigarh,2019-20,Industrial,GWh,260.5
Chandigarh,2019-20,Public_Lighting,GWh,14.8
Chandigarh,2019-20,Traction,GWh,0
Chandigarh,2019-20,Agriculture,GWh,1
Chandigarh,2019-20,Water_Sewage,GWh,9.6
Chandigarh,2019-20,Miscellaneous,GWh,86.1
Chandigarh,2020-21,Domestic,GWh,695
Chandigarh,2020-21,Commercial,GWh,334.3
Chandigarh,2020-21,Industrial,GWh,214.2
Chandigarh,2020-21,Public_Lighting,GWh,12.1
Chandigarh,2020-21,Traction,GWh,0
Chandigarh,2020-21,Agriculture,GWh,1.4
Chandigarh,2020-21,Water_Sewage,GWh,53.8
Chandigarh,2020-21,Miscellaneous,GWh,38.3
Chhattisgarh,2016-17,Domestic,GWh,4938.8
Chhattisgarh,2016-17,Commercial,GWh,1448.6
Chhattisgarh,2016-17,Industrial,GWh,7147.5
Chhattisgarh,2016-17,Public_Lighting,GWh,106.7
Chhattisgarh,2016-17,Traction,GWh,900.6
Chhattisgarh,2016-17,Agriculture,GWh,4290.4
Chhattisgarh,2016-17,Water_Sewage,GWh,288.1
Chhattisgarh,2016-17,Miscellaneous,GWh,38.8
Chhattisgarh,2017-18,Domestic,GWh,5025.1
Chhattisgarh,2017-18,Commercial,GWh,1489.5
Chhattisgarh,2017-18,Industrial,GWh,7607.3
Chhattisgarh,2017-18,Public_Lighting,GWh,100.6
Chhattisgarh,2017-18,Traction,GWh,925.4
Chhattisgarh,2017-18,Agriculture,GWh,4831.2
Chhattisgarh,2017-18,Water_Sewage,GWh,338.1
Chhattisgarh,2017-18,Miscellaneous,GWh,45.3
Chhattisgarh,2018-19,Domestic,GWh,5215
Chhattisgarh,2018-19,Commercial,GWh,1482.1
Chhattisgarh,2018-19,Industrial,GWh,9036.4
Chhattisgarh,2018-19,Public_Lighting,GWh,94.5
Chhattisgarh,2018-19,Traction,GWh,983.5
Chhattisgarh,2018-19,Agriculture,GWh,5038.4
Chhattisgarh,2018-19,Water_Sewage,GWh,360.2
Chhattisgarh,2018-19,Miscellaneous,GWh,0
Chhattisgarh,2019-20,Domestic,GWh,5605.7
Chhattisgarh,2019-20,Commercial,GWh,1563.5
Chhattisgarh,2019-20,Industrial,GWh,9090.8
Chhattisgarh,2019-20,Public_Lighting,GWh,88.8
Chhattisgarh,2019-20,Traction,GWh,987.5
Chhattisgarh,2019-20,Agriculture,GWh,5082.3
Chhattisgarh,2019-20,Water_Sewage,GWh,374.4
Chhattisgarh,2019-20,Miscellaneous,GWh,0
Chhattisgarh,2020-21,Domestic,GWh,6447.3
Chhattisgarh,2020-21,Commercial,GWh,1419.5
Chhattisgarh,2020-21,Industrial,GWh,8124.1
Chhattisgarh,2020-21,Public_Lighting,GWh,98.5
Chhattisgarh,2020-21,Traction,GWh,908.5
Chhattisgarh,2020-21,Agriculture,GWh,5902.8
Chhattisgarh,2020-21,Water_Sewage,GWh,460.7
Chhattisgarh,2020-21,Miscellaneous,GWh,0
D & N Haveli,2016-17,Domestic,GWh,104.5
D & N Haveli,2016-17,Commercial,GWh,30.4
D & N Haveli,2016-17,Industrial,GWh,5580
D & N Haveli,2016-17,Public_Lighting,GWh,8.3
D & N Haveli,2016-17,Traction,GWh,0
D & N Haveli,2016-17,Agriculture,GWh,6.2
D & N Haveli,2016-17,Water_Sewage,GWh,4.6
D & N Haveli,2016-17,Miscellaneous,GWh,3.2
D & N Haveli,2017-18,Domestic,GWh,112.6
D & N Haveli,2017-18,Commercial,GWh,32.7
D & N Haveli,2017-18,Industrial,GWh,5503.4
D & N Haveli,2017-18,Public_Lighting,GWh,8
D & N Haveli,2017-18,Traction,GWh,0
D & N Haveli,2017-18,Agriculture,GWh,6.5
D & N Haveli,2017-18,Water_Sewage,GWh,5.5
D & N Haveli,2017-18,Miscellaneous,GWh,3.4
D & N Haveli,2018-19,Domestic,GWh,122.2
D & N Haveli,2018-19,Commercial,GWh,34.2
D & N Haveli,2018-19,Industrial,GWh,5886.9
D & N Haveli,2018-19,Public_Lighting,GWh,5.8
D & N Haveli,2018-19,Traction,GWh,0
D & N Haveli,2018-19,Agriculture,GWh,7.2
D & N Haveli,2018-19,Water_Sewage,GWh,6.2
D & N Haveli,2018-19,Miscellaneous,GWh,3.4
D & N Haveli,2019-20,Domestic,GWh,154
D & N Haveli,2019-20,Commercial,GWh,36.6
D & N Haveli,2019-20,Industrial,GWh,6080.3
D & N Haveli,2019-20,Public_Lighting,GWh,3.1
D & N Haveli,2019-20,Traction,GWh,0
D & N Haveli,2019-20,Agriculture,GWh,5.3
D & N Haveli,2019-20,Water_Sewage,GWh,5
D & N Haveli,2019-20,Miscellaneous,GWh,3.8
D & N Haveli,2020-21,Domestic,GWh,149.3
D & N Haveli,2020-21,Commercial,GWh,32.7
D & N Haveli,2020-21,Industrial,GWh,5092
D & N Haveli,2020-21,Public_Lighting,GWh,2.4
D & N Haveli,2020-21,Traction,GWh,0
D & N Haveli,2020-21,Agriculture,GWh,4.9
D & N Haveli,2020-21,Water_Sewage,GWh,5.2
D & N Haveli,2020-21,Miscellaneous,GWh,0
Daman & Diu,2016-17,Domestic,GWh,96
Daman & Diu,2016-17,Commercial,GWh,44.3
Daman & Diu,2016-17,Industrial,GWh,1574.7
Daman & Diu,2016-17,Public_Lighting,GWh,7.9
Daman & Diu,2016-17,Traction,GWh,0
Daman & Diu,2016-17,Agriculture,GWh,2.7
Daman & Diu,2016-17,Water_Sewage,GWh,3.2
Daman & Diu,2016-17,Miscellaneous,GWh,8.2
Daman & Diu,2017-18,Domestic,GWh,120.8
Daman & Diu,2017-18,Commercial,GWh,55.9
Daman & Diu,2017-18,Industrial,GWh,2173.2
Daman & Diu,2017-18,Public_Lighting,GWh,9.5
Daman & Diu,2017-18,Traction,GWh,0
Daman & Diu,2017-18,Agriculture,GWh,4.7
Daman & Diu,2017-18,Water_Sewage,GWh,3.5
Daman & Diu,2017-18,Miscellaneous,GWh,9.8
Daman & Diu,2018-19,Domestic,GWh,132.6
Daman & Diu,2018-19,Commercial,GWh,51.3
Daman & Diu,2018-19,Industrial,GWh,2219.7
Daman & Diu,2018-19,Public_Lighting,GWh,8.2
Daman & Diu,2018-19,Traction,GWh,0
Daman & Diu,2018-19,Agriculture,GWh,4.8
Daman & Diu,2018-19,Water_Sewage,GWh,3.7
Daman & Diu,2018-19,Miscellaneous,GWh,11.1
Daman & Diu,2019-20,Domestic,GWh,146.3
Daman & Diu,2019-20,Commercial,GWh,49.8
Daman & Diu,2019-20,Industrial,GWh,2271.6
Daman & Diu,2019-20,Public_Lighting,GWh,6.3
Daman & Diu,2019-20,Traction,GWh,0
Daman & Diu,2019-20,Agriculture,GWh,4.3
Daman & Diu,2019-20,Water_Sewage,GWh,2.8
Daman & Diu,2019-20,Miscellaneous,GWh,14.5
Daman & Diu,2020-21,Domestic,GWh,138.2
Daman & Diu,2020-21,Commercial,GWh,39.9
Daman & Diu,2020-21,Industrial,GWh,1934.3
Daman & Diu,2020-21,Public_Lighting,GWh,5.5
Daman & Diu,2020-21,Traction,GWh,0
Daman & Diu,2020-21,Agriculture,GWh,3.4
Daman & Diu,2020-21,Water_Sewage,GWh,2.5
Daman & Diu,2020-21,Miscellaneous,GWh,12.9
Delhi,2016-17,Domestic,GWh,14086.7
Delhi,2016-17,Commercial,GWh,7290.3
Delhi,2016-17,Industrial,GWh,3088.7
Delhi,2016-17,Public_Lighting,GWh,494.4
Delhi,2016-17,Traction,GWh,71.4
Delhi,2016-17,Agriculture,GWh,28.9
Delhi,2016-17,Water_Sewage,GWh,602.8
Delhi,2016-17,Miscellaneous,GWh,941.3
Delhi,2017-18,Domestic,GWh,14911.5
Delhi,2017-18,Commercial,GWh,8118.4
Delhi,2017-18,Industrial,GWh,3231.8
Delhi,2017-18,Public_Lighting,GWh,433.9
Delhi,2017-18,Traction,GWh,687.5
Delhi,2017-18,Agriculture,GWh,33.2
Delhi,2017-18,Water_Sewage,GWh,389.9
Delhi,2017-18,Miscellaneous,GWh,681.6
Delhi,2018-19,Domestic,GWh,15430.5
Delhi,2018-19,Commercial,GWh,7702.8
Delhi,2018-19,Industrial,GWh,3441.9
Delhi,2018-19,Public_Lighting,GWh,366.5
Delhi,2018-19,Traction,GWh,499.6
Delhi,2018-19,Agriculture,GWh,33.4
Delhi,2018-19,Water_Sewage,GWh,386.3
Delhi,2018-19,Miscellaneous,GWh,1307.8
Delhi,2019-20,Domestic,GWh,16461.5
Delhi,2019-20,Commercial,GWh,7653.3
Delhi,2019-20,Industrial,GWh,3392.5
Delhi,2019-20,Public_Lighting,GWh,353.9
Delhi,2019-20,Traction,GWh,221
Delhi,2019-20,Agriculture,GWh,37.4
Delhi,2019-20,Water_Sewage,GWh,389.2
Delhi,2019-20,Miscellaneous,GWh,1303.2
Delhi,2020-21,Domestic,GWh,16439.5
Delhi,2020-21,Commercial,GWh,5314.1
Delhi,2020-21,Industrial,GWh,2819.2
Delhi,2020-21,Public_Lighting,GWh,328.1
Delhi,2020-21,Traction,GWh,77.5
Delhi,2020-21,Agriculture,GWh,39.4
Delhi,2020-21,Water_Sewage,GWh,644.4
Delhi,2020-21,Miscellaneous,GWh,657
Goa,2016-17,Domestic,GWh,880.6
Goa,2016-17,Commercial,GWh,368.5
Goa,2016-17,Industrial,GWh,2110.1
Goa,2016-17,Public_Lighting,GWh,37
Goa,2016-17,Traction,GWh,0
Goa,2016-17,Agriculture,GWh,29.9
Goa,2016-17,Water_Sewage,GWh,0
Goa,2016-17,Miscellaneous,GWh,49.3
Goa,2017-18,Domestic,GWh,938.7
Goa,2017-18,Commercial,GWh,386
Goa,2017-18,Industrial,GWh,2177
Goa,2017-18,Public_Lighting,GWh,37.3
Goa,2017-18,Traction,GWh,0
Goa,2017-18,Agriculture,GWh,29.9
Goa,2017-18,Water_Sewage,GWh,0
Goa,2017-18,Miscellaneous,GWh,49
Goa,2018-19,Domestic,GWh,1152.1
Goa,2018-19,Commercial,GWh,541.7
Goa,2018-19,Industrial,GWh,2008.5
Goa,2018-19,Public_Lighting,GWh,2.7
Goa,2018-19,Traction,GWh,0
Goa,2018-19,Agriculture,GWh,26.4
Goa,2018-19,Water_Sewage,GWh,0
Goa,2018-19,Miscellaneous,GWh,55.9
Goa,2019-20,Domestic,GWh,1208.1
Goa,2019-20,Commercial,GWh,616.6
Goa,2019-20,Industrial,GWh,2196
Goa,2019-20,Public_Lighting,GWh,2.9
Goa,2019-20,Traction,GWh,0
Goa,2019-20,Agriculture,GWh,27.3
Goa,2019-20,Water_Sewage,GWh,0
Goa,2019-20,Miscellaneous,GWh,53.3
Goa,2020-21,Domestic,GWh,1265.7
Goa,2020-21,Commercial,GWh,424.7
Goa,2020-21,Industrial,GWh,1916.1
Goa,2020-21,Public_Lighting,GWh,26.3
Goa,2020-21,Traction,GWh,0
Goa,2020-21,Agriculture,GWh,31.3
Goa,2020-21,Water_Sewage,GWh,0
Goa,2020-21,Miscellaneous,GWh,36.2
Gujarat,2016-17,Domestic,GWh,13889.8
Gujarat,2016-17,Commercial,GWh,2954
Gujarat,2016-17,Industrial,GWh,48321.7
Gujarat,2016-17,Public_Lighting,GWh,348.5
Gujarat,2016-17,Traction,GWh,652.9
Gujarat,2016-17,Agriculture,GWh,16758.6
Gujarat,2016-17,Water_Sewage,GWh,1959
Gujarat,2016-17,Miscellaneous,GWh,671.1
Gujarat,2017-18,Domestic,GWh,14648.3
Gujarat,2017-18,Commercial,GWh,3109.3
Gujarat,2017-18,Industrial,GWh,53525.6
Gujarat,2017-18,Public_Lighting,GWh,321.8
Gujarat,2017-18,Traction,GWh,695
Gujarat,2017-18,Agriculture,GWh,13731.8
Gujarat,2017-18,Water_Sewage,GWh,2090.9
Gujarat,2017-18,Miscellaneous,GWh,2596.5
Gujarat,2018-19,Domestic,GWh,15537.7
Gujarat,2018-19,Commercial,GWh,4157.9
Gujarat,2018-19,Industrial,GWh,56956.2
Gujarat,2018-19,Public_Lighting,GWh,312.1
Gujarat,2018-19,Traction,GWh,743.1
Gujarat,2018-19,Agriculture,GWh,14598.3
Gujarat,2018-19,Water_Sewage,GWh,2207.8
Gujarat,2018-19,Miscellaneous,GWh,1457.3
Gujarat,2019-20,Domestic,GWh,16100.6
Gujarat,2019-20,Commercial,GWh,5004.5
Gujarat,2019-20,Industrial,GWh,55920.2
Gujarat,2019-20,Public_Lighting,GWh,273.8
Gujarat,2019-20,Traction,GWh,701.7
Gujarat,2019-20,Agriculture,GWh,11989.8
Gujarat,2019-20,Water_Sewage,GWh,2041
Gujarat,2019-20,Miscellaneous,GWh,213.5
Gujarat,2020-21,Domestic,GWh,16510.2
Gujarat,2020-21,Commercial,GWh,4314.4
Gujarat,2020-21,Industrial,GWh,55731.5
Gujarat,2020-21,Public_Lighting,GWh,152.1
Gujarat,2020-21,Traction,GWh,433.2
Gujarat,2020-21,Agriculture,GWh,12663.8
Gujarat,2020-21,Water_Sewage,GWh,2108.4
Gujarat,2020-21,Miscellaneous,GWh,362.3
Haryana,2016-17,Domestic,GWh,7395.6
Haryana,2016-17,Commercial,GWh,5341.5
Haryana,2016-17,Industrial,GWh,9990.6
Haryana,2016-17,Public_Lighting,GWh,102.6
Haryana,2016-17,Traction,GWh,359.6
Haryana,2016-17,Agriculture,GWh,9708.8
Haryana,2016-17,Water_Sewage,GWh,806.5
Haryana,2016-17,Miscellaneous,GWh,795.5
Haryana,2017-18,Domestic,GWh,8743.7
Haryana,2017-18,Commercial,GWh,4266.4
Haryana,2017-18,Industrial,GWh,12574.4
Haryana,2017-18,Public_Lighting,GWh,226.9
Haryana,2017-18,Traction,GWh,225.6
Haryana,2017-18,Agriculture,GWh,10067.3
Haryana,2017-18,Water_Sewage,GWh,914.6
Haryana,2017-18,Miscellaneous,GWh,1196.4
Haryana,2018-19,Domestic,GWh,9623.3
Haryana,2018-19,Commercial,GWh,4547.9
Haryana,2018-19,Industrial,GWh,14202.6
Haryana,2018-19,Public_Lighting,GWh,232.1
Haryana,2018-19,Traction,GWh,409.8
Haryana,2018-19,Agriculture,GWh,9714.3
Haryana,2018-19,Water_Sewage,GWh,1024.6
Haryana,2018-19,Miscellaneous,GWh,1262.8
Haryana,2019-20,Domestic,GWh,11077.8
Haryana,2019-20,Commercial,GWh,4875.9
Haryana,2019-20,Industrial,GWh,13964.5
Haryana,2019-20,Public_Lighting,GWh,223.1
Haryana,2019-20,Traction,GWh,385.3
Haryana,2019-20,Agriculture,GWh,10371.2
Haryana,2019-20,Water_Sewage,GWh,1117.9
Haryana,2019-20,Miscellaneous,GWh,1366.4
Haryana,2020-21,Domestic,GWh,11970.2
Haryana,2020-21,Commercial,GWh,4006
Haryana,2020-21,Industrial,GWh,12804.1
Haryana,2020-21,Public_Lighting,GWh,168
Haryana,2020-21,Traction,GWh,286
Haryana,2020-21,Agriculture,GWh,10087.5
Haryana,2020-21,Water_Sewage,GWh,1148.4
Haryana,2020-21,Miscellaneous,GWh,1473.6
Himachal Pradesh,2016-17,Domestic,GWh,1937.9
Himachal Pradesh,2016-17,Commercial,GWh,528.2
Himachal Pradesh,2016-17,Industrial,GWh,4561.5
Himachal Pradesh,2016-17,Public_Lighting,GWh,13
Himachal Pradesh,2016-17,Traction,GWh,0
Himachal Pradesh,2016-17,Agriculture,GWh,57.3
Himachal Pradesh,2016-17,Water_Sewage,GWh,551
Himachal Pradesh,2016-17,Miscellaneous,GWh,324.8
Himachal Pradesh,2017-18,Domestic,GWh,1989.9
Himachal Pradesh,2017-18,Commercial,GWh,567.1
Himachal Pradesh,2017-18,Industrial,GWh,4815.7
Himachal Pradesh,2017-18,Public_Lighting,GWh,11.3
Himachal Pradesh,2017-18,Traction,GWh,0
Himachal Pradesh,2017-18,Agriculture,GWh,62.2
Himachal Pradesh,2017-18,Water_Sewage,GWh,605.1
Himachal Pradesh,2017-18,Miscellaneous,GWh,353.3
Himachal Pradesh,2018-19,Domestic,GWh,2080.5
Himachal Pradesh,2018-19,Commercial,GWh,614.6
Himachal Pradesh,2018-19,Industrial,GWh,5334.7
Himachal Pradesh,2018-19,Public_Lighting,GWh,10.4
Himachal Pradesh,2018-19,Traction,GWh,0
Himachal Pradesh,2018-19,Agriculture,GWh,63
Himachal Pradesh,2018-19,Water_Sewage,GWh,565.7
Himachal Pradesh,2018-19,Miscellaneous,GWh,372.1
Himachal Pradesh,2019-20,Domestic,GWh,2193.7
Himachal Pradesh,2019-20,Commercial,GWh,623
Himachal Pradesh,2019-20,Industrial,GWh,5322.9
Himachal Pradesh,2019-20,Public_Lighting,GWh,10.7
Himachal Pradesh,2019-20,Traction,GWh,0
Himachal Pradesh,2019-20,Agriculture,GWh,56.7
Himachal Pradesh,2019-20,Water_Sewage,GWh,560.5
Himachal Pradesh,2019-20,Miscellaneous,GWh,356.5
Himachal Pradesh,2020-21,Domestic,GWh,2356.5
Himachal Pradesh,2020-21,Commercial,GWh,518.4
Himachal Pradesh,2020-21,Industrial,GWh,4772.5
Himachal Pradesh,2020-21,Public_Lighting,GWh,10.5
Himachal Pradesh,2020-21,Traction,GWh,0
Himachal Pradesh,2020-21,Agriculture,GWh,72.6
Himachal Pradesh,2020-21,Water_Sewage,GWh,602.9
Himachal Pradesh,2020-21,Miscellaneous,GWh,301.9
Jammu & Kashmir,2016-17,Domestic,GWh,3272.1
Jammu & Kashmir,2016-17,Commercial,GWh,1023.8
Jammu & Kashmir,2016-17,Industrial,GWh,1530.8
Jammu & Kashmir,2016-17,Public_Lighting,GWh,52.8
Jammu & Kashmir,2016-17,Traction,GWh,0
Jammu & Kashmir,2016-17,Agriculture,GWh,313
Jammu & Kashmir,2016-17,Water_Sewage,GWh,615
Jammu & Kashmir,2016-17,Miscellaneous,GWh,1095
Jammu & Kashmir,2017-18,Domestic,GWh,3442.8
Jammu & Kashmir,2017-18,Commercial,GWh,1081.1
Jammu & Kashmir,2017-18,Industrial,GWh,1701.7
Jammu & Kashmir,2017-18,Public_Lighting,GWh,53.2
Jammu & Kashmir,2017-18,Traction,GWh,14.7
Jammu & Kashmir,2017-18,Agriculture,GWh,314.5
Jammu & Kashmir,2017-18,Water_Sewage,GWh,624.2
Jammu & Kashmir,2017-18,Miscellaneous,GWh,1162.8
Jammu & Kashmir,2018-19,Domestic,GWh,4013.5
Jammu & Kashmir,2018-19,Commercial,GWh,1263.4
Jammu & Kashmir,2018-19,Industrial,GWh,1857.9
Jammu & Kashmir,2018-19,Public_Lighting,GWh,59.3
Jammu & Kashmir,2018-19,Traction,GWh,23.2
Jammu & Kashmir,2018-19,Agriculture,GWh,349
Jammu & Kashmir,2018-19,Water_Sewage,GWh,701
Jammu & Kashmir,2018-19,Miscellaneous,GWh,1366
Jammu & Kashmir,2019-20,Domestic,GWh,4445.6
Jammu & Kashmir,2019-20,Commercial,GWh,1401.5
Jammu & Kashmir,2019-20,Industrial,GWh,2049.1
Jammu & Kashmir,2019-20,Public_Lighting,GWh,62.9
Jammu & Kashmir,2019-20,Traction,GWh,22.8
Jammu & Kashmir,2019-20,Agriculture,GWh,368
Jammu & Kashmir,2019-20,Water_Sewage,GWh,748
Jammu & Kashmir,2019-20,Miscellaneous,GWh,1525
Jammu & Kashmir,2020-21,Domestic,GWh,4887.7
Jammu & Kashmir,2020-21,Commercial,GWh,1707.2
Jammu & Kashmir,2020-21,Industrial,GWh,1163.6
Jammu & Kashmir,2020-21,Public_Lighting,GWh,127
Jammu & Kashmir,2020-21,Traction,GWh,9.4
Jammu & Kashmir,2020-21,Agriculture,GWh,361.6
Jammu & Kashmir,2020-21,Water_Sewage,GWh,779.6
Jammu & Kashmir,2020-21,Miscellaneous,GWh,948.2
Jharkhand,2016-17,Domestic,GWh,4918.6
Jharkhand,2016-17,Commercial,GWh,527.9
Jharkhand,2016-17,Industrial,GWh,11999.2
Jharkhand,2016-17,Public_Lighting,GWh,146.7
Jharkhand,2016-17,Traction,GWh,1259.7
Jharkhand,2016-17,Agriculture,GWh,110.4
Jharkhand,2016-17,Water_Sewage,GWh,83.8
Jharkhand,2016-17,Miscellaneous,GWh,502.6
Jharkhand,2017-18,Domestic,GWh,5435.4
Jharkhand,2017-18,Commercial,GWh,700.3
Jharkhand,2017-18,Industrial,GWh,12173.7
Jharkhand,2017-18,Public_Lighting,GWh,133.7
Jharkhand,2017-18,Traction,GWh,1219.3
Jharkhand,2017-18,Agriculture,GWh,202.4
Jharkhand,2017-18,Water_Sewage,GWh,0
Jharkhand,2017-18,Miscellaneous,GWh,85.2
Jharkhand,2018-19,Domestic,GWh,5683.4
Jharkhand,2018-19,Commercial,GWh,808.8
Jharkhand,2018-19,Industrial,GWh,13125.9
Jharkhand,2018-19,Public_Lighting,GWh,110.3
Jharkhand,2018-19,Traction,GWh,757.8
Jharkhand,2018-19,Agriculture,GWh,210.4
Jharkhand,2018-19,Water_Sewage,GWh,0
Jharkhand,2018-19,Miscellaneous,GWh,487.7
Jharkhand,2019-20,Domestic,GWh,5981.5
Jharkhand,2019-20,Commercial,GWh,995
Jharkhand,2019-20,Industrial,GWh,13263
Jharkhand,2019-20,Public_Lighting,GWh,127.9
Jharkhand,2019-20,Traction,GWh,1003.4
Jharkhand,2019-20,Agriculture,GWh,193.9
Jharkhand,2019-20,Water_Sewage,GWh,0
Jharkhand,2019-20,Miscellaneous,GWh,432.3
Jharkhand,2020-21,Domestic,GWh,6475.2
Jharkhand,2020-21,Commercial,GWh,1033
Jharkhand,2020-21,Industrial,GWh,12141.9
Jharkhand,2020-21,Public_Lighting,GWh,87.4
Jharkhand,2020-21,Traction,GWh,825.9
Jharkhand,2020-21,Agriculture,GWh,203.6
Jharkhand,2020-21,Water_Sewage,GWh,0
Jharkhand,2020-21,Miscellaneous,GWh,608.2
Karnataka,2016-17,Domestic,GWh,11829.4
Karnataka,2016-17,Commercial,GWh,6262.7
Karnataka,2016-17,Industrial,GWh,13710
Karnataka,2016-17,Public_Lighting,GWh,974.4
Karnataka,2016-17,Traction,GWh,67.6
Karnataka,2016-17,Agriculture,GWh,21625.3
Karnataka,2016-17,Water_Sewage,GWh,2733.4
Karnataka,2016-17,Miscellaneous,GWh,949.5
Karnataka,2017-18,Domestic,GWh,12503.8
Karnataka,2017-18,Commercial,GWh,6389.4
Karnataka,2017-18,Industrial,GWh,13634.6
Karnataka,2017-18,Public_Lighting,GWh,1023.6
Karnataka,2017-18,Traction,GWh,181.2
Karnataka,2017-18,Agriculture,GWh,21377.2
Karnataka,2017-18,Water_Sewage,GWh,3251.7
Karnataka,2017-18,Miscellaneous,GWh,874.2
Karnataka,2018-19,Domestic,GWh,12954.2
Karnataka,2018-19,Commercial,GWh,6553.7
Karnataka,2018-19,Industrial,GWh,14213.8
Karnataka,2018-19,Public_Lighting,GWh,1092.4
Karnataka,2018-19,Traction,GWh,99.9
Karnataka,2018-19,Agriculture,GWh,22788.2
Karnataka,2018-19,Water_Sewage,GWh,3903.3
Karnataka,2018-19,Miscellaneous,GWh,799.9
Karnataka,2019-20,Domestic,GWh,13853
Karnataka,2019-20,Commercial,GWh,6862
Karnataka,2019-20,Industrial,GWh,12260.6
Karnataka,2019-20,Public_Lighting,GWh,1128.1
Karnataka,2019-20,Traction,GWh,138.6
Karnataka,2019-20,Agriculture,GWh,21823.1
Karnataka,2019-20,Water_Sewage,GWh,3932.4
Karnataka,2019-20,Miscellaneous,GWh,1132.9
Karnataka,2020-21,Domestic,GWh,15668.6
Karnataka,2020-21,Commercial,GWh,6759.5
Karnataka,2020-21,Industrial,GWh,11655.2
Karnataka,2020-21,Public_Lighting,GWh,1036.9
Karnataka,2020-21,Traction,GWh,90.2
Karnataka,2020-21,Agriculture,GWh,22337.2
Karnataka,2020-21,Water_Sewage,GWh,3814.2
Karnataka,2020-21,Miscellaneous,GWh,1421.5
Kerala,2016-17,Domestic,GWh,10340.3
Kerala,2016-17,Commercial,GWh,4389.2
Kerala,2016-17,Industrial,GWh,3872.3
Kerala,2016-17,Public_Lighting,GWh,378.5
Kerala,2016-17,Traction,GWh,227.9
Kerala,2016-17,Agriculture,GWh,331.6
Kerala,2016-17,Water_Sewage,GWh,0
Kerala,2016-17,Miscellaneous,GWh,678.7
Kerala,2017-18,Domestic,GWh,10636.4
Kerala,2017-18,Commercial,GWh,4570.9
Kerala,2017-18,Industrial,GWh,4402.7
Kerala,2017-18,Public_Lighting,GWh,377.4
Kerala,2017-18,Traction,GWh,265.2
Kerala,2017-18,Agriculture,GWh,372.3
Kerala,2017-18,Water_Sewage,GWh,0.2
Kerala,2017-18,Miscellaneous,GWh,729.1
Kerala,2018-19,Domestic,GWh,10927
Kerala,2018-19,Commercial,GWh,2455.9
Kerala,2018-19,Industrial,GWh,4522.9
Kerala,2018-19,Public_Lighting,GWh,381.2
Kerala,2018-19,Traction,GWh,321.1
Kerala,2018-19,Agriculture,GWh,348.7
Kerala,2018-19,Water_Sewage,GWh,0.2
Kerala,2018-19,Miscellaneous,GWh,2456.8
Kerala,2019-20,Domestic,GWh,11966.6
Kerala,2019-20,Commercial,GWh,5167
Kerala,2019-20,Industrial,GWh,4296.9
Kerala,2019-20,Public_Lighting,GWh,369.4
Kerala,2019-20,Traction,GWh,323.7
Kerala,2019-20,Agriculture,GWh,360.5
Kerala,2019-20,Water_Sewage,GWh,0.3
Kerala,2019-20,Miscellaneous,GWh,664.7
Kerala,2020-21,Domestic,GWh,12765.4
Kerala,2020-21,Commercial,GWh,4267.6
Kerala,2020-21,Industrial,GWh,4070.8
Kerala,2020-21,Public_Lighting,GWh,379.7
Kerala,2020-21,Traction,GWh,168.7
Kerala,2020-21,Agriculture,GWh,412
Kerala,2020-21,Water_Sewage,GWh,0.3
Kerala,2020-21,Miscellaneous,GWh,534.3
Lakshadweep,2016-17,Domestic,GWh,35
Lakshadweep,2016-17,Commercial,GWh,11.5
Lakshadweep,2016-17,Industrial,GWh,0.4
Lakshadweep,2016-17,Public_Lighting,GWh,0.6
Lakshadweep,2016-17,Traction,GWh,0
Lakshadweep,2016-17,Agriculture,GWh,0
Lakshadweep,2016-17,Water_Sewage,GWh,0
Lakshadweep,2016-17,Miscellaneous,GWh,0
Lakshadweep,2017-18,Domestic,GWh,35.9
Lakshadweep,2017-18,Commercial,GWh,11.4
Lakshadweep,2017-18,Industrial,GWh,0.4
Lakshadweep,2017-18,Public_Lighting,GWh,0.6
Lakshadweep,2017-18,Traction,GWh,0
Lakshadweep,2017-18,Agriculture,GWh,0
Lakshadweep,2017-18,Water_Sewage,GWh,0
Lakshadweep,2017-18,Miscellaneous,GWh,0.1
Lakshadweep,2018-19,Domestic,GWh,36
Lakshadweep,2018-19,Commercial,GWh,11.8
Lakshadweep,2018-19,Industrial,GWh,0.4
Lakshadweep,2018-19,Public_Lighting,GWh,0.7
Lakshadweep,2018-19,Traction,GWh,0
Lakshadweep,2018-19,Agriculture,GWh,0
Lakshadweep,2018-19,Water_Sewage,GWh,0
Lakshadweep,2018-19,Miscellaneous,GWh,0.1
Lakshadweep,2019-20,Domestic,GWh,35.6
Lakshadweep,2019-20,Commercial,GWh,11.5
Lakshadweep,2019-20,Industrial,GWh,0.4
Lakshadweep,2019-20,Public_Lighting,GWh,0.8
Lakshadweep,2019-20,Traction,GWh,0
Lakshadweep,2019-20,Agriculture,GWh,0
Lakshadweep,2019-20,Water_Sewage,GWh,0
Lakshadweep,2019-20,Miscellaneous,GWh,0.1
Lakshadweep,2020-21,Domestic,GWh,40.3
Lakshadweep,2020-21,Commercial,GWh,11.5
Lakshadweep,2020-21,Industrial,GWh,0.4
Lakshadweep,2020-21,Public_Lighting,GWh,0.8
Lakshadweep,2020-21,Traction,GWh,0
Lakshadweep,2020-21,Agriculture,GWh,0
Lakshadweep,2020-21,Water_Sewage,GWh,0
Lakshadweep,2020-21,Miscellaneous,GWh,0.1
Madhay Pradesh,2016-17,Domestic,GWh,11184.4
Madhay Pradesh,2016-17,Commercial,GWh,2830
Madhay Pradesh,2016-17,Industrial,GWh,8881.1
Madhay Pradesh,2016-17,Public_Lighting,GWh,420.9
Madhay Pradesh,2016-17,Traction,GWh,1827
Madhay Pradesh,2016-17,Agriculture,GWh,17331.6
Madhay Pradesh,2016-17,Water_Sewage,GWh,1431.9
Madhay Pradesh,2016-17,Miscellaneous,GWh,1774.5
Madhya Pradesh,2017-18,Domestic,GWh,12054.3
Madhya Pradesh,2017-18,Commercial,GWh,2920.5
Madhya Pradesh,2017-18,Industrial,GWh,10177.2
Madhya Pradesh,2017-18,Public_Lighting,GWh,416.2
Madhya Pradesh,2017-18,Traction,GWh,1821.7
Madhya Pradesh,2017-18,Agriculture,GWh,18473.2
Madhya Pradesh,2017-18,Water_Sewage,GWh,1515.8
Madhya Pradesh,2017-18,Miscellaneous,GWh,5144
Madhya Pradesh,2018-19,Domestic,GWh,13385.4
Madhya Pradesh,2018-19,Commercial,GWh,3141.3
Madhya Pradesh,2018-19,Industrial,GWh,11091.8
Madhya Pradesh,2018-19,Public_Lighting,GWh,419.2
Madhya Pradesh,2018-19,Traction,GWh,1951.5
Madhya Pradesh,2018-19,Agriculture,GWh,20283.8
Madhya Pradesh,2018-19,Water_Sewage,GWh,1572.7
Madhya Pradesh,2018-19,Miscellaneous,GWh,5126.5
Madhya Pradesh,2019-20,Domestic,GWh,14959.7
Madhya Pradesh,2019-20,Commercial,GWh,3254.3
Madhya Pradesh,2019-20,Industrial,GWh,11485.5
Madhya Pradesh,2019-20,Public_Lighting,GWh,403.7
Madhya Pradesh,2019-20,Traction,GWh,2213.6
Madhya Pradesh,2019-20,Agriculture,GWh,23016.9
Madhya Pradesh,2019-20,Water_Sewage,GWh,1640.8
Madhya Pradesh,2019-20,Miscellaneous,GWh,1653.9
Madhya Pradesh,2020-21,Domestic,GWh,16790.8
Madhya Pradesh,2020-21,Commercial,GWh,3370.1
Madhya Pradesh,2020-21,Industrial,GWh,10539
Madhya Pradesh,2020-21,Public_Lighting,GWh,470.4
Madhya Pradesh,2020-21,Traction,GWh,1806.9
Madhya Pradesh,2020-21,Agriculture,GWh,25645.5
Madhya Pradesh,2020-21,Water_Sewage,GWh,1379
Madhya Pradesh,2020-21,Miscellaneous,GWh,952.3
Maharashtra,2016-17,Domestic,GWh,26870.4
Maharashtra,2016-17,Commercial,GWh,13367.6
Maharashtra,2016-17,Industrial,GWh,33736.5
Maharashtra,2016-17,Public_Lighting,GWh,1837.7
Maharashtra,2016-17,Traction,GWh,2297.8
Maharashtra,2016-17,Agriculture,GWh,28201.8
Maharashtra,2016-17,Water_Sewage,GWh,2510.3
Maharashtra,2016-17,Miscellaneous,GWh,12228.6
Maharashtra,2017-18,Domestic,GWh,27946.8
Maharashtra,2017-18,Commercial,GWh,13742.3
Maharashtra,2017-18,Industrial,GWh,39173.9
Maharashtra,2017-18,Public_Lighting,GWh,1901
Maharashtra,2017-18,Traction,GWh,2500.4
Maharashtra,2017-18,Agriculture,GWh,30306.9
Maharashtra,2017-18,Water_Sewage,GWh,2770.1
Maharashtra,2017-18,Miscellaneous,GWh,6579.3
Maharashtra,2018-19,Domestic,GWh,28650.3
Maharashtra,2018-19,Commercial,GWh,15274.2
Maharashtra,2018-19,Industrial,GWh,42755.9
Maharashtra,2018-19,Public_Lighting,GWh,1991.6
Maharashtra,2018-19,Traction,GWh,3070.4
Maharashtra,2018-19,Agriculture,GWh,34616.3
Maharashtra,2018-19,Water_Sewage,GWh,2851.1
Maharashtra,2018-19,Miscellaneous,GWh,3408.8
Maharashtra,2019-20,Domestic,GWh,29807.9
Maharashtra,2019-20,Commercial,GWh,15739.6
Maharashtra,2019-20,Industrial,GWh,41544.6
Maharashtra,2019-20,Public_Lighting,GWh,1971.6
Maharashtra,2019-20,Traction,GWh,2659.7
Maharashtra,2019-20,Agriculture,GWh,29291.2
Maharashtra,2019-20,Water_Sewage,GWh,2871.7
Maharashtra,2019-20,Miscellaneous,GWh,1758.6
Maharashtra,2020-21,Domestic,GWh,30193
Maharashtra,2020-21,Commercial,GWh,9546.8
Maharashtra,2020-21,Industrial,GWh,44032
Maharashtra,2020-21,Public_Lighting,GWh,1863.3
Maharashtra,2020-21,Traction,GWh,1996.3
Maharashtra,2020-21,Agriculture,GWh,33912.3
Maharashtra,2020-21,Water_Sewage,GWh,3047.3
Maharashtra,2020-21,Miscellaneous,GWh,1832.1
Manipur,2016-17,Domestic,GWh,330.4
Manipur,2016-17,Commercial,GWh,43.5
Manipur,2016-17,Industrial,GWh,21.7
Manipur,2016-17,Public_Lighting,GWh,3.5
Manipur,2016-17,Traction,GWh,0
Manipur,2016-17,Agriculture,GWh,1
Manipur,2016-17,Water_Sewage,GWh,23.5
Manipur,2016-17,Miscellaneous,GWh,88.3
Manipur,2017-18,Domestic,GWh,354.7
Manipur,2017-18,Commercial,GWh,47.3
Manipur,2017-18,Industrial,GWh,28.3
Manipur,2017-18,Public_Lighting,GWh,3.7
Manipur,2017-18,Traction,GWh,0
Manipur,2017-18,Agriculture,GWh,2.1
Manipur,2017-18,Water_Sewage,GWh,21.1
Manipur,2017-18,Miscellaneous,GWh,106.8
Manipur,2018-19,Domestic,GWh,376.8
Manipur,2018-19,Commercial,GWh,66.1
Manipur,2018-19,Industrial,GWh,29.9
Manipur,2018-19,Public_Lighting,GWh,9.9
Manipur,2018-19,Traction,GWh,0
Manipur,2018-19,Agriculture,GWh,2.1
Manipur,2018-19,Water_Sewage,GWh,21.2
Manipur,2018-19,Miscellaneous,GWh,106.8
Manipur,2019-20,Domestic,GWh,388.1
Manipur,2019-20,Commercial,GWh,68.1
Manipur,2019-20,Industrial,GWh,30.8
Manipur,2019-20,Public_Lighting,GWh,10.2
Manipur,2019-20,Traction,GWh,0
Manipur,2019-20,Agriculture,GWh,2.2
Manipur,2019-20,Water_Sewage,GWh,21.8
Manipur,2019-20,Miscellaneous,GWh,110
Manipur,2020-21,Domestic,GWh,429
Manipur,2020-21,Commercial,GWh,75.8
Manipur,2020-21,Industrial,GWh,30.6
Manipur,2020-21,Public_Lighting,GWh,5.1
Manipur,2020-21,Traction,GWh,0
Manipur,2020-21,Agriculture,GWh,7.1
Manipur,2020-21,Water_Sewage,GWh,21.1
Manipur,2020-21,Miscellaneous,GWh,82.6
Meghalaya,2016-17,Domestic,GWh,396.5
Meghalaya,2016-17,Commercial,GWh,87.2
Meghalaya,2016-17,Industrial,GWh,320.4
Meghalaya,2016-17,Public_Lighting,GWh,0.4
Meghalaya,2016-17,Traction,GWh,0
Meghalaya,2016-17,Agriculture,GWh,0.1
Meghalaya,2016-17,Water_Sewage,GWh,34.6
Meghalaya,2016-17,Miscellaneous,GWh,133.3
Meghalaya,2017-18,Domestic,GWh,455.2
Meghalaya,2017-18,Commercial,GWh,95.4
Meghalaya,2017-18,Industrial,GWh,385.8
Meghalaya,2017-18,Public_Lighting,GWh,0.4
Meghalaya,2017-18,Traction,GWh,0
Meghalaya,2017-18,Agriculture,GWh,0.1
Meghalaya,2017-18,Water_Sewage,GWh,36
Meghalaya,2017-18,Miscellaneous,GWh,90.7
Meghalaya,2018-19,Domestic,GWh,442.7
Meghalaya,2018-19,Commercial,GWh,93.3
Meghalaya,2018-19,Industrial,GWh,433.3
Meghalaya,2018-19,Public_Lighting,GWh,0.2
Meghalaya,2018-19,Traction,GWh,0
Meghalaya,2018-19,Agriculture,GWh,0.1
Meghalaya,2018-19,Water_Sewage,GWh,40.8
Meghalaya,2018-19,Miscellaneous,GWh,94.6
Meghalaya,2019-20,Domestic,GWh,465.2
Meghalaya,2019-20,Commercial,GWh,99.2
Meghalaya,2019-20,Industrial,GWh,550.2
Meghalaya,2019-20,Public_Lighting,GWh,0.1
Meghalaya,2019-20,Traction,GWh,0
Meghalaya,2019-20,Agriculture,GWh,0.3
Meghalaya,2019-20,Water_Sewage,GWh,41.9
Meghalaya,2019-20,Miscellaneous,GWh,102.6
Meghalaya,2020-21,Domestic,GWh,500
Meghalaya,2020-21,Commercial,GWh,81.6
Meghalaya,2020-21,Industrial,GWh,621.2
Meghalaya,2020-21,Public_Lighting,GWh,0.6
Meghalaya,2020-21,Traction,GWh,0
Meghalaya,2020-21,Agriculture,GWh,0.1
Meghalaya,2020-21,Water_Sewage,GWh,38.9
Meghalaya,2020-21,Miscellaneous,GWh,84
Mizoram,2016-17,Domestic,GWh,233.9
Mizoram,2016-17,Commercial,GWh,33.9
Mizoram,2016-17,Industrial,GWh,10.5
Mizoram,2016-17,Public_Lighting,GWh,4.9
Mizoram,2016-17,Traction,GWh,0
Mizoram,2016-17,Agriculture,GWh,0
Mizoram,2016-17,Water_Sewage,GWh,50
Mizoram,2016-17,Miscellaneous,GWh,20.5
Mizoram,2017-18,Domestic,GWh,235.1
Mizoram,2017-18,Commercial,GWh,48.1
Mizoram,2017-18,Industrial,GWh,13.3
Mizoram,2017-18,Public_Lighting,GWh,2.2
Mizoram,2017-18,Traction,GWh,0
Mizoram,2017-18,Agriculture,GWh,0
Mizoram,2017-18,Water_Sewage,GWh,41.6
Mizoram,2017-18,Miscellaneous,GWh,55.4
Mizoram,2018-19,Domestic,GWh,244.6
Mizoram,2018-19,Commercial,GWh,61
Mizoram,2018-19,Industrial,GWh,14.4
Mizoram,2018-19,Public_Lighting,GWh,2.7
Mizoram,2018-19,Traction,GWh,0
Mizoram,2018-19,Agriculture,GWh,0
Mizoram,2018-19,Water_Sewage,GWh,68.6
Mizoram,2018-19,Miscellaneous,GWh,16.5
Mizoram,2019-20,Domestic,GWh,288.9
Mizoram,2019-20,Commercial,GWh,48.3
Mizoram,2019-20,Industrial,GWh,10.9
Mizoram,2019-20,Public_Lighting,GWh,2.1
Mizoram,2019-20,Traction,GWh,0
Mizoram,2019-20,Agriculture,GWh,0.1
Mizoram,2019-20,Water_Sewage,GWh,64.3
Mizoram,2019-20,Miscellaneous,GWh,71.7
Mizoram,2020-21,Domestic,GWh,276.2
Mizoram,2020-21,Commercial,GWh,52.7
Mizoram,2020-21,Industrial,GWh,9.6
Mizoram,2020-21,Public_Lighting,GWh,2.1
Mizoram,2020-21,Traction,GWh,0
Mizoram,2020-21,Agriculture,GWh,0.2
Mizoram,2020-21,Water_Sewage,GWh,82.5
Mizoram,2020-21,Miscellaneous,GWh,30.3
Nagaland,2016-17,Domestic,GWh,342
Nagaland,2016-17,Commercial,GWh,82.6
Nagaland,2016-17,Industrial,GWh,61.3
Nagaland,2016-17,Public_Lighting,GWh,14.6
Nagaland,2016-17,Traction,GWh,0
Nagaland,2016-17,Agriculture,GWh,0
Nagaland,2016-17,Water_Sewage,GWh,9.2
Nagaland,2016-17,Miscellaneous,GWh,125.1
Nagaland,2017-18,Domestic,GWh,378.2
Nagaland,2017-18,Commercial,GWh,88.1
Nagaland,2017-18,Industrial,GWh,65.6
Nagaland,2017-18,Public_Lighting,GWh,14.8
Nagaland,2017-18,Traction,GWh,0
Nagaland,2017-18,Agriculture,GWh,0
Nagaland,2017-18,Water_Sewage,GWh,9.4
Nagaland,2017-18,Miscellaneous,GWh,107.6
Nagaland,2018-19,Domestic,GWh,380.4
Nagaland,2018-19,Commercial,GWh,97.6
Nagaland,2018-19,Industrial,GWh,67.1
Nagaland,2018-19,Public_Lighting,GWh,14.9
Nagaland,2018-19,Traction,GWh,0
Nagaland,2018-19,Agriculture,GWh,0
Nagaland,2018-19,Water_Sewage,GWh,10.4
Nagaland,2018-19,Miscellaneous,GWh,108.8
Nagaland,2019-20,Domestic,GWh,388
Nagaland,2019-20,Commercial,GWh,99.5
Nagaland,2019-20,Industrial,GWh,68.4
Nagaland,2019-20,Public_Lighting,GWh,15.2
Nagaland,2019-20,Traction,GWh,0
Nagaland,2019-20,Agriculture,GWh,0
Nagaland,2019-20,Water_Sewage,GWh,10.6
Nagaland,2019-20,Miscellaneous,GWh,111
Nagaland,2020-21,Domestic,GWh,390
Nagaland,2020-21,Commercial,GWh,85.2
Nagaland,2020-21,Industrial,GWh,63.4
Nagaland,2020-21,Public_Lighting,GWh,20.9
Nagaland,2020-21,Traction,GWh,0
Nagaland,2020-21,Agriculture,GWh,0
Nagaland,2020-21,Water_Sewage,GWh,10.4
Nagaland,2020-21,Miscellaneous,GWh,112.7
Odisha,2016-17,Domestic,GWh,6894.2
Odisha,2016-17,Commercial,GWh,1560.5
Odisha,2016-17,Industrial,GWh,6088.6
Odisha,2016-17,Public_Lighting,GWh,92.9
Odisha,2016-17,Traction,GWh,1103.7
Odisha,2016-17,Agriculture,GWh,327
Odisha,2016-17,Water_Sewage,GWh,140.6
Odisha,2016-17,Miscellaneous,GWh,780.5
Odisha,2017-18,Domestic,GWh,6825.3
Odisha,2017-18,Commercial,GWh,1675.4
Odisha,2017-18,Industrial,GWh,6534.1
Odisha,2017-18,Public_Lighting,GWh,99.7
Odisha,2017-18,Traction,GWh,1162.3
Odisha,2017-18,Agriculture,GWh,429.3
Odisha,2017-18,Water_Sewage,GWh,125.6
Odisha,2017-18,Miscellaneous,GWh,862.1
Odisha,2018-19,Domestic,GWh,7175.2
Odisha,2018-19,Commercial,GWh,1833.5
Odisha,2018-19,Industrial,GWh,7378.3
Odisha,2018-19,Public_Lighting,GWh,119.4
Odisha,2018-19,Traction,GWh,1203.3
Odisha,2018-19,Agriculture,GWh,558.9
Odisha,2018-19,Water_Sewage,GWh,154.5
Odisha,2018-19,Miscellaneous,GWh,949.7
Odisha,2019-20,Domestic,GWh,7522.8
Odisha,2019-20,Commercial,GWh,2309.2
Odisha,2019-20,Industrial,GWh,7415.3
Odisha,2019-20,Public_Lighting,GWh,229.5
Odisha,2019-20,Traction,GWh,1473.6
Odisha,2019-20,Agriculture,GWh,579.2
Odisha,2019-20,Water_Sewage,GWh,327
Odisha,2019-20,Miscellaneous,GWh,859.4
Odisha,2020-21,Domestic,GWh,8420.2
Odisha,2020-21,Commercial,GWh,2157.7
Odisha,2020-21,Industrial,GWh,6430.8
Odisha,2020-21,Public_Lighting,GWh,240.4
Odisha,2020-21,Traction,GWh,1330.3
Odisha,2020-21,Agriculture,GWh,644.7
Odisha,2020-21,Water_Sewage,GWh,329.5
Odisha,2020-21,Miscellaneous,GWh,1056.1
Puducherry,2016-17,Domestic,GWh,659.7
Puducherry,2016-17,Commercial,GWh,186.9
Puducherry,2016-17,Industrial,GWh,1474.3
Puducherry,2016-17,Public_Lighting,GWh,27
Puducherry,2016-17,Traction,GWh,0
Puducherry,2016-17,Agriculture,GWh,59.2
Puducherry,2016-17,Water_Sewage,GWh,0
Puducherry,2016-17,Miscellaneous,GWh,149.1
Puducherry,2017-18,Domestic,GWh,713.3
Puducherry,2017-18,Commercial,GWh,206.3
Puducherry,2017-18,Industrial,GWh,1499.9
Puducherry,2017-18,Public_Lighting,GWh,27.5
Puducherry,2017-18,Traction,GWh,0
Puducherry,2017-18,Agriculture,GWh,57.3
Puducherry,2017-18,Water_Sewage,GWh,0
Puducherry,2017-18,Miscellaneous,GWh,35.7
Puducherry,2018-19,Domestic,GWh,723.6
Puducherry,2018-19,Commercial,GWh,212.8
Puducherry,2018-19,Industrial,GWh,1610.5
Puducherry,2018-19,Public_Lighting,GWh,27.6
Puducherry,2018-19,Traction,GWh,0
Puducherry,2018-19,Agriculture,GWh,60
Puducherry,2018-19,Water_Sewage,GWh,0
Puducherry,2018-19,Miscellaneous,GWh,19.3
Puducherry,2019-20,Domestic,GWh,810.6
Puducherry,2019-20,Commercial,GWh,219.9
Puducherry,2019-20,Industrial,GWh,1580.3
Puducherry,2019-20,Public_Lighting,GWh,23.4
Puducherry,2019-20,Traction,GWh,0
Puducherry,2019-20,Agriculture,GWh,55.3
Puducherry,2019-20,Water_Sewage,GWh,0
Puducherry,2019-20,Miscellaneous,GWh,24.3
Puducherry,2020-21,Domestic,GWh,842.4
Puducherry,2020-21,Commercial,GWh,189.3
Puducherry,2020-21,Industrial,GWh,1465.1
Puducherry,2020-21,Public_Lighting,GWh,23.2
Puducherry,2020-21,Traction,GWh,0
Puducherry,2020-21,Agriculture,GWh,68.6
Puducherry,2020-21,Water_Sewage,GWh,0
Puducherry,2020-21,Miscellaneous,GWh,14.5
Punjab,2016-17,Domestic,GWh,13047.3
Punjab,2016-17,Commercial,GWh,3719.3
Punjab,2016-17,Industrial,GWh,13477.2
Punjab,2016-17,Public_Lighting,GWh,186.6
Punjab,2016-17,Traction,GWh,197.3
Punjab,2016-17,Agriculture,GWh,12196
Punjab,2016-17,Water_Sewage,GWh,503.6
Punjab,2016-17,Miscellaneous,GWh,723
Punjab,2017-18,Domestic,GWh,13641.7
Punjab,2017-18,Commercial,GWh,3889
Punjab,2017-18,Industrial,GWh,15570.6
Punjab,2017-18,Public_Lighting,GWh,193.8
Punjab,2017-18,Traction,GWh,240.4
Punjab,2017-18,Agriculture,GWh,12294.6
Punjab,2017-18,Water_Sewage,GWh,494.2
Punjab,2017-18,Miscellaneous,GWh,703.1
Punjab,2018-19,Domestic,GWh,14163.8
Punjab,2018-19,Commercial,GWh,3675.1
Punjab,2018-19,Industrial,GWh,16987
Punjab,2018-19,Public_Lighting,GWh,157.8
Punjab,2018-19,Traction,GWh,228.5
Punjab,2018-19,Agriculture,GWh,11268.4
Punjab,2018-19,Water_Sewage,GWh,823.9
Punjab,2018-19,Miscellaneous,GWh,2815.3
Punjab,2019-20,Domestic,GWh,13612.8
Punjab,2019-20,Commercial,GWh,3795.5
Punjab,2019-20,Industrial,GWh,18290.2
Punjab,2019-20,Public_Lighting,GWh,139.9
Punjab,2019-20,Traction,GWh,258.2
Punjab,2019-20,Agriculture,GWh,11581.6
Punjab,2019-20,Water_Sewage,GWh,0
Punjab,2019-20,Miscellaneous,GWh,1489.8
Punjab,2020-21,Domestic,GWh,15324
Punjab,2020-21,Commercial,GWh,3465
Punjab,2020-21,Industrial,GWh,15716.9
Punjab,2020-21,Public_Lighting,GWh,210
Punjab,2020-21,Traction,GWh,122.8
Punjab,2020-21,Agriculture,GWh,13092.9
Punjab,2020-21,Water_Sewage,GWh,0
Punjab,2020-21,Miscellaneous,GWh,2354.1
Rajasthan,2016-17,Domestic,GWh,11496.8
Rajasthan,2016-17,Commercial,GWh,4273.1
Rajasthan,2016-17,Industrial,GWh,11013.8
Rajasthan,2016-17,Public_Lighting,GWh,330.3
Rajasthan,2016-17,Traction,GWh,373.6
Rajasthan,2016-17,Agriculture,GWh,21361.2
Rajasthan,2016-17,Water_Sewage,GWh,1503
Rajasthan,2016-17,Miscellaneous,GWh,675.4
Rajasthan,2017-18,Domestic,GWh,11998.3
Rajasthan,2017-18,Commercial,GWh,4576.6
Rajasthan,2017-18,Industrial,GWh,10901.1
Rajasthan,2017-18,Public_Lighting,GWh,347.7
Rajasthan,2017-18,Traction,GWh,388.4
Rajasthan,2017-18,Agriculture,GWh,22833.5
Rajasthan,2017-18,Water_Sewage,GWh,1896.5
Rajasthan,2017-18,Miscellaneous,GWh,675.8
Rajasthan,2018-19,Domestic,GWh,12506.4
Rajasthan,2018-19,Commercial,GWh,4863.1
Rajasthan,2018-19,Industrial,GWh,16075.8
Rajasthan,2018-19,Public_Lighting,GWh,353.6
Rajasthan,2018-19,Traction,GWh,407
Rajasthan,2018-19,Agriculture,GWh,23300.4
Rajasthan,2018-19,Water_Sewage,GWh,1952.3
Rajasthan,2018-19,Miscellaneous,GWh,692.9
Rajasthan,2019-20,Domestic,GWh,12660.8
Rajasthan,2019-20,Commercial,GWh,4813.3
Rajasthan,2019-20,Industrial,GWh,14309.2
Rajasthan,2019-20,Public_Lighting,GWh,304.8
Rajasthan,2019-20,Traction,GWh,381.9
Rajasthan,2019-20,Agriculture,GWh,25664.7
Rajasthan,2019-20,Water_Sewage,GWh,2370.6
Rajasthan,2019-20,Miscellaneous,GWh,1436.7
Rajasthan,2020-21,Domestic,GWh,14257.9
Rajasthan,2020-21,Commercial,GWh,4092.9
Rajasthan,2020-21,Industrial,GWh,13651
Rajasthan,2020-21,Public_Lighting,GWh,339.1
Rajasthan,2020-21,Traction,GWh,231.5
Rajasthan,2020-21,Agriculture,GWh,28525.5
Rajasthan,2020-21,Water_Sewage,GWh,2584.8
Rajasthan,2020-21,Miscellaneous,GWh,1205.7
Sikkim,2016-17,Domestic,GWh,164.1
Sikkim,2016-17,Commercial,GWh,41.1
Sikkim,2016-17,Industrial,GWh,207.5
Sikkim,2016-17,Public_Lighting,GWh,0.3
Sikkim,2016-17,Traction,GWh,0
Sikkim,2016-17,Agriculture,GWh,0
Sikkim,2016-17,Water_Sewage,GWh,0.6
Sikkim,2016-17,Miscellaneous,GWh,23.1
Sikkim,2017-18,Domestic,GWh,98.7
Sikkim,2017-18,Commercial,GWh,38.4
Sikkim,2017-18,Industrial,GWh,178.9
Sikkim,2017-18,Public_Lighting,GWh,0.1
Sikkim,2017-18,Traction,GWh,0
Sikkim,2017-18,Agriculture,GWh,0
Sikkim,2017-18,Water_Sewage,GWh,0
Sikkim,2017-18,Miscellaneous,GWh,27.6
Sikkim,2018-19,Domestic,GWh,107.5
Sikkim,2018-19,Commercial,GWh,40.9
Sikkim,2018-19,Industrial,GWh,202.6
Sikkim,2018-19,Public_Lighting,GWh,0.3
Sikkim,2018-19,Traction,GWh,0
Sikkim,2018-19,Agriculture,GWh,0
Sikkim,2018-19,Water_Sewage,GWh,0
Sikkim,2018-19,Miscellaneous,GWh,29.6
Sikkim,2019-20,Domestic,GWh,107.9
Sikkim,2019-20,Commercial,GWh,42.1
Sikkim,2019-20,Industrial,GWh,228.5
Sikkim,2019-20,Public_Lighting,GWh,0.3
Sikkim,2019-20,Traction,GWh,0
Sikkim,2019-20,Agriculture,GWh,0
Sikkim,2019-20,Water_Sewage,GWh,0
Sikkim,2019-20,Miscellaneous,GWh,32.5
Sikkim,2020-21,Domestic,GWh,115.4
Sikkim,2020-21,Commercial,GWh,30
Sikkim,2020-21,Industrial,GWh,244.8
Sikkim,2020-21,Public_Lighting,GWh,0.3
Sikkim,2020-21,Traction,GWh,0
Sikkim,2020-21,Agriculture,GWh,0
Sikkim,2020-21,Water_Sewage,GWh,0
Sikkim,2020-21,Miscellaneous,GWh,24.3
Tamil Nadu,2016-17,Domestic,GWh,24529.5
Tamil Nadu,2016-17,Commercial,GWh,9300.1
Tamil Nadu,2016-17,Industrial,GWh,31936.6
Tamil Nadu,2016-17,Public_Lighting,GWh,1202.3
Tamil Nadu,2016-17,Traction,GWh,852.2
Tamil Nadu,2016-17,Agriculture,GWh,11733.4
Tamil Nadu,2016-17,Water_Sewage,GWh,1202.3
Tamil Nadu,2016-17,Miscellaneous,GWh,3179.6
Tamil Nadu,2017-18,Domestic,GWh,25815.3
Tamil Nadu,2017-18,Commercial,GWh,9916
Tamil Nadu,2017-18,Industrial,GWh,33606.1
Tamil Nadu,2017-18,Public_Lighting,GWh,1123.7
Tamil Nadu,2017-18,Traction,GWh,858.6
Tamil Nadu,2017-18,Agriculture,GWh,11257.4
Tamil Nadu,2017-18,Water_Sewage,GWh,1123.7
Tamil Nadu,2017-18,Miscellaneous,GWh,2953.1
Tamil Nadu,2018-19,Domestic,GWh,26996.3
Tamil Nadu,2018-19,Commercial,GWh,10281.8
Tamil Nadu,2018-19,Industrial,GWh,35132.7
Tamil Nadu,2018-19,Public_Lighting,GWh,1140.9
Tamil Nadu,2018-19,Traction,GWh,903.4
Tamil Nadu,2018-19,Agriculture,GWh,13077.2
Tamil Nadu,2018-19,Water_Sewage,GWh,1140.9
Tamil Nadu,2018-19,Miscellaneous,GWh,3115.2
Tamil Nadu,2019-20,Domestic,GWh,29140.3
Tamil Nadu,2019-20,Commercial,GWh,10942.4
Tamil Nadu,2019-20,Industrial,GWh,35878.3
Tamil Nadu,2019-20,Public_Lighting,GWh,1151.9
Tamil Nadu,2019-20,Traction,GWh,971.7
Tamil Nadu,2019-20,Agriculture,GWh,13828.3
Tamil Nadu,2019-20,Water_Sewage,GWh,1151.9
Tamil Nadu,2019-20,Miscellaneous,GWh,2854.4
Tamil Nadu,2020-21,Domestic,GWh,32721.9
Tamil Nadu,2020-21,Commercial,GWh,8976.9
Tamil Nadu,2020-21,Industrial,GWh,32844.2
Tamil Nadu,2020-21,Public_Lighting,GWh,1291.9
Tamil Nadu,2020-21,Traction,GWh,564.5
Tamil Nadu,2020-21,Agriculture,GWh,13974.7
Tamil Nadu,2020-21,Water_Sewage,GWh,1291.9
Tamil Nadu,2020-21,Miscellaneous,GWh,2926.1
Telangana,2016-17,Domestic,GWh,10055.9
Telangana,2016-17,Commercial,GWh,4956.2
Telangana,2016-17,Industrial,GWh,10448.8
Telangana,2016-17,Public_Lighting,GWh,534.6
Telangana,2016-17,Traction,GWh,553.4
Telangana,2016-17,Agriculture,GWh,15676.3
Telangana,2016-17,Water_Sewage,GWh,533.5
Telangana,2016-17,Miscellaneous,GWh,1687.8
Telangana,2017-18,Domestic,GWh,10710.4
Telangana,2017-18,Commercial,GWh,5340.1
Telangana,2017-18,Industrial,GWh,11706.9
Telangana,2017-18,Public_Lighting,GWh,457.5
Telangana,2017-18,Traction,GWh,467.1
Telangana,2017-18,Agriculture,GWh,19984.6
Telangana,2017-18,Water_Sewage,GWh,545.9
Telangana,2017-18,Miscellaneous,GWh,1985.1
Telangana,2018-19,Domestic,GWh,11422.3
Telangana,2018-19,Commercial,GWh,5750
Telangana,2018-19,Industrial,GWh,13865.3
Telangana,2018-19,Public_Lighting,GWh,365.5
Telangana,2018-19,Traction,GWh,726
Telangana,2018-19,Agriculture,GWh,24077
Telangana,2018-19,Water_Sewage,GWh,604
Telangana,2018-19,Miscellaneous,GWh,1555.5
Telangana,2019-20,Domestic,GWh,12382.4
Telangana,2019-20,Commercial,GWh,6187.5
Telangana,2019-20,Industrial,GWh,13704
Telangana,2019-20,Public_Lighting,GWh,340.9
Telangana,2019-20,Traction,GWh,785.7
Telangana,2019-20,Agriculture,GWh,20820.5
Telangana,2019-20,Water_Sewage,GWh,867.9
Telangana,2019-20,Miscellaneous,GWh,4275.7
Telangana,2020-21,Domestic,GWh,12807
Telangana,2020-21,Commercial,GWh,4843.1
Telangana,2020-21,Industrial,GWh,12475.9
Telangana,2020-21,Public_Lighting,GWh,342.2
Telangana,2020-21,Traction,GWh,567.5
Telangana,2020-21,Agriculture,GWh,22260.1
Telangana,2020-21,Water_Sewage,GWh,980.7
Telangana,2020-21,Miscellaneous,GWh,3619.9
Tripura,2016-17,Domestic,GWh,502.2
Tripura,2016-17,Commercial,GWh,77.6
Tripura,2016-17,Industrial,GWh,51
Tripura,2016-17,Public_Lighting,GWh,38.6
Tripura,2016-17,Traction,GWh,0
Tripura,2016-17,Agriculture,GWh,40.6
Tripura,2016-17,Water_Sewage,GWh,81.9
Tripura,2016-17,Miscellaneous,GWh,103.4
Tripura,2017-18,Domestic,GWh,508.6
Tripura,2017-18,Commercial,GWh,84.2
Tripura,2017-18,Industrial,GWh,48.3
Tripura,2017-18,Public_Lighting,GWh,45.3
Tripura,2017-18,Traction,GWh,0
Tripura,2017-18,Agriculture,GWh,38.5
Tripura,2017-18,Water_Sewage,GWh,87.9
Tripura,2017-18,Miscellaneous,GWh,115.1
Tripura,2018-19,Domestic,GWh,524.8
Tripura,2018-19,Commercial,GWh,86.2
Tripura,2018-19,Industrial,GWh,56.2
Tripura,2018-19,Public_Lighting,GWh,42
Tripura,2018-19,Traction,GWh,0
Tripura,2018-19,Agriculture,GWh,40.7
Tripura,2018-19,Water_Sewage,GWh,88.2
Tripura,2018-19,Miscellaneous,GWh,117.8
Tripura,2019-20,Domestic,GWh,531.1
Tripura,2019-20,Commercial,GWh,71.8
Tripura,2019-20,Industrial,GWh,40.1
Tripura,2019-20,Public_Lighting,GWh,48.1
Tripura,2019-20,Traction,GWh,0
Tripura,2019-20,Agriculture,GWh,34.4
Tripura,2019-20,Water_Sewage,GWh,66.5
Tripura,2019-20,Miscellaneous,GWh,122.2
Tripura,2020-21,Domestic,GWh,588.2
Tripura,2020-21,Commercial,GWh,72
Tripura,2020-21,Industrial,GWh,43.4
Tripura,2020-21,Public_Lighting,GWh,46.1
Tripura,2020-21,Traction,GWh,0
Tripura,2020-21,Agriculture,GWh,38
Tripura,2020-21,Water_Sewage,GWh,75.9
Tripura,2020-21,Miscellaneous,GWh,118.7
Uttar Pradesh,2016-17,Domestic,GWh,33239.3
Uttar Pradesh,2016-17,Commercial,GWh,5613.8
Uttar Pradesh,2016-17,Industrial,GWh,19215.8
Uttar Pradesh,2016-17,Public_Lighting,GWh,977.6
Uttar Pradesh,2016-17,Traction,GWh,1657.3
Uttar Pradesh,2016-17,Agriculture,GWh,15638
Uttar Pradesh,2016-17,Water_Sewage,GWh,1814.7
Uttar Pradesh,2016-17,Miscellaneous,GWh,2911.7
Uttar Pradesh,2017-18,Domestic,GWh,38292.3
Uttar Pradesh,2017-18,Commercial,GWh,6237.6
Uttar Pradesh,2017-18,Industrial,GWh,18767.3
Uttar Pradesh,2017-18,Public_Lighting,GWh,1039.6
Uttar Pradesh,2017-18,Traction,GWh,1723.4
Uttar Pradesh,2017-18,Agriculture,GWh,17742.2
Uttar Pradesh,2017-18,Water_Sewage,GWh,2070.4
Uttar Pradesh,2017-18,Miscellaneous,GWh,4522.7
Uttar Pradesh,2018-19,Domestic,GWh,39524.5
Uttar Pradesh,2018-19,Commercial,GWh,6501
Uttar Pradesh,2018-19,Industrial,GWh,18955.8
Uttar Pradesh,2018-19,Public_Lighting,GWh,938.8
Uttar Pradesh,2018-19,Traction,GWh,2231
Uttar Pradesh,2018-19,Agriculture,GWh,17362
Uttar Pradesh,2018-19,Water_Sewage,GWh,1741.8
Uttar Pradesh,2018-19,Miscellaneous,GWh,4100.1
Uttar Pradesh,2019-20,Domestic,GWh,42249
Uttar Pradesh,2019-20,Commercial,GWh,6697.8
Uttar Pradesh,2019-20,Industrial,GWh,15700.9
Uttar Pradesh,2019-20,Public_Lighting,GWh,873.3
Uttar Pradesh,2019-20,Traction,GWh,1683.9
Uttar Pradesh,2019-20,Agriculture,GWh,18200.1
Uttar Pradesh,2019-20,Water_Sewage,GWh,1747.6
Uttar Pradesh,2019-20,Miscellaneous,GWh,7779.5
Uttar Pradesh,2020-21,Domestic,GWh,43955.1
Uttar Pradesh,2020-21,Commercial,GWh,6285.6
Uttar Pradesh,2020-21,Industrial,GWh,14237.5
Uttar Pradesh,2020-21,Public_Lighting,GWh,732.8
Uttar Pradesh,2020-21,Traction,GWh,1424.2
Uttar Pradesh,2020-21,Agriculture,GWh,18931.3
Uttar Pradesh,2020-21,Water_Sewage,GWh,1637.9
Uttar Pradesh,2020-21,Miscellaneous,GWh,6395.7
Uttarakhand,2016-17,Domestic,GWh,2595
Uttarakhand,2016-17,Commercial,GWh,1198
Uttarakhand,2016-17,Industrial,GWh,6227.3
Uttarakhand,2016-17,Public_Lighting,GWh,46.7
Uttarakhand,2016-17,Traction,GWh,19.8
Uttarakhand,2016-17,Agriculture,GWh,141.7
Uttarakhand,2016-17,Water_Sewage,GWh,366
Uttarakhand,2016-17,Miscellaneous,GWh,567.5
Uttarakhand,2017-18,Domestic,GWh,2741.5
Uttarakhand,2017-18,Commercial,GWh,1232.5
Uttarakhand,2017-18,Industrial,GWh,6160.3
Uttarakhand,2017-18,Public_Lighting,GWh,57.3
Uttarakhand,2017-18,Traction,GWh,29.2
Uttarakhand,2017-18,Agriculture,GWh,437.1
Uttarakhand,2017-18,Water_Sewage,GWh,367.2
Uttarakhand,2017-18,Miscellaneous,GWh,185.2
Uttarakhand,2018-19,Domestic,GWh,2823.8
Uttarakhand,2018-19,Commercial,GWh,1269.5
Uttarakhand,2018-19,Industrial,GWh,6345.1
Uttarakhand,2018-19,Public_Lighting,GWh,59
Uttarakhand,2018-19,Traction,GWh,26.8
Uttarakhand,2018-19,Agriculture,GWh,450.2
Uttarakhand,2018-19,Water_Sewage,GWh,378.2
Uttarakhand,2018-19,Miscellaneous,GWh,190.8
Uttarakhand,2019-20,Domestic,GWh,3113.8
Uttarakhand,2019-20,Commercial,GWh,1396.9
Uttarakhand,2019-20,Industrial,GWh,6417.2
Uttarakhand,2019-20,Public_Lighting,GWh,46.4
Uttarakhand,2019-20,Traction,GWh,29.1
Uttarakhand,2019-20,Agriculture,GWh,191.4
Uttarakhand,2019-20,Water_Sewage,GWh,453
Uttarakhand,2019-20,Miscellaneous,GWh,373.5
Uttarakhand,2020-21,Domestic,GWh,3207.3
Uttarakhand,2020-21,Commercial,GWh,1337.4
Uttarakhand,2020-21,Industrial,GWh,5703.6
Uttarakhand,2020-21,Public_Lighting,GWh,53.3
Uttarakhand,2020-21,Traction,GWh,25.1
Uttarakhand,2020-21,Agriculture,GWh,190
Uttarakhand,2020-21,Water_Sewage,GWh,498.5
Uttarakhand,2020-21,Miscellaneous,GWh,210
West Bengal,2017-18,Domestic,GWh,14924.1
West Bengal,2017-18,Commercial,GWh,6080.4
West Bengal,2017-18,Industrial,GWh,17599
West Bengal,2017-18,Public_Lighting,GWh,592.4
West Bengal,2017-18,Traction,GWh,1401.6
West Bengal,2017-18,Agriculture,GWh,1250.4
West Bengal,2017-18,Water_Sewage,GWh,892.1
West Bengal,2017-18,Miscellaneous,GWh,2737.6
West Bengal,2018-19,Domestic,GWh,15478.1
West Bengal,2018-19,Commercial,GWh,6280.4
West Bengal,2018-19,Industrial,GWh,19257.1
West Bengal,2018-19,Public_Lighting,GWh,693
West Bengal,2018-19,Traction,GWh,1467.9
West Bengal,2018-19,Agriculture,GWh,1515.6
West Bengal,2018-19,Water_Sewage,GWh,955.6
West Bengal,2018-19,Miscellaneous,GWh,2642.2
West Bengal,2019-20,Domestic,GWh,17028.1
West Bengal,2019-20,Commercial,GWh,6671.2
West Bengal,2019-20,Industrial,GWh,19017.9
West Bengal,2019-20,Public_Lighting,GWh,770.2
West Bengal,2019-20,Traction,GWh,1868.6
West Bengal,2019-20,Agriculture,GWh,1398.8
West Bengal,2019-20,Water_Sewage,GWh,1007.2
West Bengal,2019-20,Miscellaneous,GWh,2719.5
West Bengal,2020-21,Domestic,GWh,17536.1
West Bengal,2020-21,Commercial,GWh,5455.6
West Bengal,2020-21,Industrial,GWh,17729.6
West Bengal,2020-21,Public_Lighting,GWh,706.3
West Bengal,2020-21,Traction,GWh,1344.2
West Bengal,2020-21,Agriculture,GWh,1332.2
West Bengal,2020-21,Water_Sewage,GWh,1033.2
West Bengal,2020-21,Miscellaneous,GWh,3256.6
India,2016-17,Agriculture,GWh,189717.1
India,2016-17,Commercial,GWh,84099.2
India,2016-17,Domestic,GWh,241524.6
India,2016-17,Industrial,GWh,276757.7
India,2016-17,Miscellaneous,GWh,36350.1
India,2016-17,Public_Lighting,GWh,8877.4
India,2016-17,Traction,GWh,14288.5
India,2016-17,Water_Sewage,GWh,18533
India,2017-18,Agriculture,GWh,199246.7
India,2017-18,Commercial,GWh,93754.8
India,2017-18,Domestic,GWh,273544.7
India,2017-18,Industrial,GWh,318317.1
India,2017-18,Miscellaneous,GWh,40293.7
India,2017-18,Public_Lighting,GWh,9669
India,2017-18,Traction,GWh,17432.7
India,2017-18,Water_Sewage,GWh,20871.9
India,2018-19,Agriculture,GWh,213409.2
India,2018-19,Commercial,GWh,98227.5
India,2018-19,Domestic,GWh,288243.4
India,2018-19,Industrial,GWh,346742.7
India,2018-19,Miscellaneous,GWh,40048.4
India,2018-19,Public_Lighting,GWh,9676.4
India,2018-19,Traction,GWh,18837.6
India,2018-19,Water_Sewage,GWh,22333.7
India,2019-20,Agriculture,GWh,211294.9
India,2019-20,Commercial,GWh,106047.3
India,2019-20,Domestic,GWh,308745.1
India,2019-20,Industrial,GWh,337080
India,2019-20,Miscellaneous,GWh,37611.7
India,2019-20,Public_Lighting,GWh,9431.9
India,2019-20,Traction,GWh,19147.9
India,2019-20,Water_Sewage,GWh,22987.2
India,2020-21,Agriculture,GWh,221303.6
India,2020-21,Commercial,GWh,86950.4
India,2020-21,Domestic,GWh,330808.9
India,2020-21,Industrial,GWh,320224.1
India,2020-21,Miscellaneous,GWh,35015.4
India,2020-21,Public_Lighting,GWh,9117.4
India,2020-21,Traction,GWh,14668
India,2020-21,Water_Sewage,GWh,23568.8
