State,Month,Measure,Units,Value
Andhra Pradesh,01-01-2021,Energy Met,MU,5329
Arunachal Pradesh,01-01-2021,Energy Met,MU,74
Assam,01-01-2021,Energy Met,MU,728
Bihar,01-01-2021,Energy Met,MU,2735
Chandigarh,01-01-2021,Energy Met,MU,124
Chhattisgarh,01-01-2021,Energy Met,MU,2791
DNH & DDU,01-01-2021,Energy Met,MU,815
Delhi,01-01-2021,Energy Met,MU,2262
Goa,01-01-2021,Energy Met,MU,327
Gujarat,01-01-2021,Energy Met,MU,10523
Haryana,01-01-2021,Energy Met,MU,3919
Himachal Pradesh,01-01-2021,Energy Met,MU,1007
Jammu & Kashmir,01-01-2021,Energy Met,MU,1654
Jharkhand,01-01-2021,Energy Met,MU,863
Karnataka,01-01-2021,Energy Met,MU,6451
Kerala,01-01-2021,Energy Met,MU,2178
Madhya Pradesh,01-01-2021,Energy Met,MU,8769
Maharashtra,01-01-2021,Energy Met,MU,14427
Manipur,01-01-2021,Energy Met,MU,103
Meghalaya,01-01-2021,Energy Met,MU,209
Mizoram,01-01-2021,Energy Met,MU,63
Nagaland,01-01-2021,Energy Met,MU,66
Odisha,01-01-2021,Energy Met,MU,2348
Puducherry,01-01-2021,Energy Met,MU,215
Punjab,01-01-2021,Energy Met,MU,3832
Rajasthan,01-01-2021,Energy Met,MU,7790
Sikkim,01-01-2021,Energy Met,MU,57
Tamil Nadu,01-01-2021,Energy Met,MU,7887
Telangana,01-01-2021,Energy Met,MU,6954
Tripura,01-01-2021,Energy Met,MU,169
Uttar Pradesh,01-01-2021,Energy Met,MU,9206
Uttarakhand,01-01-2021,Energy Met,MU,1260
West Bengal,01-01-2021,Energy Met,MU,4056
Andhra Pradesh,01-01-2021,Energy Requirement,MU,5329
Arunachal Pradesh,01-01-2021,Energy Requirement,MU,74
Assam,01-01-2021,Energy Requirement,MU,728
Bihar,01-01-2021,Energy Requirement,MU,2746
Chandigarh,01-01-2021,Energy Requirement,MU,124
Chhattisgarh,01-01-2021,Energy Requirement,MU,2798
DNH & DDU,01-01-2021,Energy Requirement,MU,815
Delhi,01-01-2021,Energy Requirement,MU,2263
Goa,01-01-2021,Energy Requirement,MU,328
Gujarat,01-01-2021,Energy Requirement,MU,10523
Haryana,01-01-2021,Energy Requirement,MU,3921
Himachal Pradesh,01-01-2021,Energy Requirement,MU,1008
Jammu & Kashmir,01-01-2021,Energy Requirement,MU,2035
Jharkhand,01-01-2021,Energy Requirement,MU,906
Karnataka,01-01-2021,Energy Requirement,MU,6451
Kerala,01-01-2021,Energy Requirement,MU,2177
Madhya Pradesh,01-01-2021,Energy Requirement,MU,8769
Maharashtra,01-01-2021,Energy Requirement,MU,14427
Manipur,01-01-2021,Energy Requirement,MU,104
Meghalaya,01-01-2021,Energy Requirement,MU,209
Mizoram,01-01-2021,Energy Requirement,MU,79
Nagaland,01-01-2021,Energy Requirement,MU,66
Odisha,01-01-2021,Energy Requirement,MU,2348
Puducherry,01-01-2021,Energy Requirement,MU,215
Punjab,01-01-2021,Energy Requirement,MU,3835
Rajasthan,01-01-2021,Energy Requirement,MU,7800
Sikkim,01-01-2021,Energy Requirement,MU,57
Tamil Nadu,01-01-2021,Energy Requirement,MU,7886
Telangana,01-01-2021,Energy Requirement,MU,6953
Tripura,01-01-2021,Energy Requirement,MU,169
Uttar Pradesh,01-01-2021,Energy Requirement,MU,9212
Uttarakhand,01-01-2021,Energy Requirement,MU,1263
West Bengal,01-01-2021,Energy Requirement,MU,4056
Andhra Pradesh,01-02-2021,Energy Met,MU,5281
Arunachal Pradesh,01-02-2021,Energy Met,MU,67
Assam,01-02-2021,Energy Met,MU,673
Bihar,01-02-2021,Energy Met,MU,2420
Chandigarh,01-02-2021,Energy Met,MU,95
Chhattisgarh,01-02-2021,Energy Met,MU,2667
DNH & DDU,01-02-2021,Energy Met,MU,759
Delhi,01-02-2021,Energy Met,MU,1788
Goa,01-02-2021,Energy Met,MU,280
Gujarat,01-02-2021,Energy Met,MU,9953
Haryana,01-02-2021,Energy Met,MU,3714
Himachal Pradesh,01-02-2021,Energy Met,MU,884
Jammu & Kashmir,01-02-2021,Energy Met,MU,1434
Jharkhand,01-02-2021,Energy Met,MU,766
Karnataka,01-02-2021,Energy Met,MU,6469
Kerala,01-02-2021,Energy Met,MU,2107
Madhya Pradesh,01-02-2021,Energy Met,MU,7500
Maharashtra,01-02-2021,Energy Met,MU,13400
Manipur,01-02-2021,Energy Met,MU,83
Meghalaya,01-02-2021,Energy Met,MU,176
Mizoram,01-02-2021,Energy Met,MU,55
Nagaland,01-02-2021,Energy Met,MU,60
Odisha,01-02-2021,Energy Met,MU,2297
Puducherry,01-02-2021,Energy Met,MU,206
Punjab,01-02-2021,Energy Met,MU,3611
Rajasthan,01-02-2021,Energy Met,MU,7395
Sikkim,01-02-2021,Energy Met,MU,50
Tamil Nadu,01-02-2021,Energy Met,MU,8367
Telangana,01-02-2021,Energy Met,MU,6836
Tripura,01-02-2021,Energy Met,MU,158
Uttar Pradesh,01-02-2021,Energy Met,MU,8123
Uttarakhand,01-02-2021,Energy Met,MU,1093
West Bengal,01-02-2021,Energy Met,MU,3874
Andhra Pradesh,01-02-2021,Energy Requirement,MU,5282
Arunachal Pradesh,01-02-2021,Energy Requirement,MU,67
Assam,01-02-2021,Energy Requirement,MU,684
Bihar,01-02-2021,Energy Requirement,MU,2433
Chandigarh,01-02-2021,Energy Requirement,MU,95
Chhattisgarh,01-02-2021,Energy Requirement,MU,2674
DNH & DDU,01-02-2021,Energy Requirement,MU,759
Delhi,01-02-2021,Energy Requirement,MU,1788
Goa,01-02-2021,Energy Requirement,MU,280
Gujarat,01-02-2021,Energy Requirement,MU,9953
Haryana,01-02-2021,Energy Requirement,MU,3716
Himachal Pradesh,01-02-2021,Energy Requirement,MU,887
Jammu & Kashmir,01-02-2021,Energy Requirement,MU,1738
Jharkhand,01-02-2021,Energy Requirement,MU,814
Karnataka,01-02-2021,Energy Requirement,MU,6470
Kerala,01-02-2021,Energy Requirement,MU,2107
Madhya Pradesh,01-02-2021,Energy Requirement,MU,7500
Maharashtra,01-02-2021,Energy Requirement,MU,13400
Manipur,01-02-2021,Energy Requirement,MU,83
Meghalaya,01-02-2021,Energy Requirement,MU,180
Mizoram,01-02-2021,Energy Requirement,MU,55
Nagaland,01-02-2021,Energy Requirement,MU,60
Odisha,01-02-2021,Energy Requirement,MU,2297
Puducherry,01-02-2021,Energy Requirement,MU,206
Punjab,01-02-2021,Energy Requirement,MU,3620
Rajasthan,01-02-2021,Energy Requirement,MU,7408
Sikkim,01-02-2021,Energy Requirement,MU,50
Tamil Nadu,01-02-2021,Energy Requirement,MU,8368
Telangana,01-02-2021,Energy Requirement,MU,6837
Tripura,01-02-2021,Energy Requirement,MU,158
Uttar Pradesh,01-02-2021,Energy Requirement,MU,8131
Uttarakhand,01-02-2021,Energy Requirement,MU,1094
West Bengal,01-02-2021,Energy Requirement,MU,3874
Andhra Pradesh,01-03-2021,Energy Met,MU,5933
Arunachal Pradesh,01-03-2021,Energy Met,MU,72
Assam,01-03-2021,Energy Met,MU,793
Bihar,01-03-2021,Energy Met,MU,2918
Chandigarh,01-03-2021,Energy Met,MU,99
Chhattisgarh,01-03-2021,Energy Met,MU,3279
DNH & DDU,01-03-2021,Energy Met,MU,835
Delhi,01-03-2021,Energy Met,MU,2077
Goa,01-03-2021,Energy Met,MU,364
Gujarat,01-03-2021,Energy Met,MU,11817
Haryana,01-03-2021,Energy Met,MU,3985
Himachal Pradesh,01-03-2021,Energy Met,MU,934
Jammu & Kashmir,01-03-2021,Energy Met,MU,1556
Jharkhand,01-03-2021,Energy Met,MU,892
Karnataka,01-03-2021,Energy Met,MU,7294
Kerala,01-03-2021,Energy Met,MU,2319
Madhya Pradesh,01-03-2021,Energy Met,MU,7145
Maharashtra,01-03-2021,Energy Met,MU,16375
Manipur,01-03-2021,Energy Met,MU,78
Meghalaya,01-03-2021,Energy Met,MU,172
Mizoram,01-03-2021,Energy Met,MU,53
Nagaland,01-03-2021,Energy Met,MU,64
Odisha,01-03-2021,Energy Met,MU,2942
Puducherry,01-03-2021,Energy Met,MU,227
Punjab,01-03-2021,Energy Met,MU,4044
Rajasthan,01-03-2021,Energy Met,MU,7258
Sikkim,01-03-2021,Energy Met,MU,51
Tamil Nadu,01-03-2021,Energy Met,MU,9477
Telangana,01-03-2021,Energy Met,MU,7574
Tripura,01-03-2021,Energy Met,MU,221
Uttar Pradesh,01-03-2021,Energy Met,MU,9837
Uttarakhand,01-03-2021,Energy Met,MU,1142
West Bengal,01-03-2021,Energy Met,MU,5373
Andhra Pradesh,01-03-2021,Energy Requirement,MU,5933
Arunachal Pradesh,01-03-2021,Energy Requirement,MU,72
Assam,01-03-2021,Energy Requirement,MU,838
Bihar,01-03-2021,Energy Requirement,MU,2939
Chandigarh,01-03-2021,Energy Requirement,MU,99
Chhattisgarh,01-03-2021,Energy Requirement,MU,3287
DNH & DDU,01-03-2021,Energy Requirement,MU,835
Delhi,01-03-2021,Energy Requirement,MU,2077
Goa,01-03-2021,Energy Requirement,MU,364
Gujarat,01-03-2021,Energy Requirement,MU,11817
Haryana,01-03-2021,Energy Requirement,MU,3992
Himachal Pradesh,01-03-2021,Energy Requirement,MU,936
Jammu & Kashmir,01-03-2021,Energy Requirement,MU,1832
Jharkhand,01-03-2021,Energy Requirement,MU,946
Karnataka,01-03-2021,Energy Requirement,MU,7294
Kerala,01-03-2021,Energy Requirement,MU,2319
Madhya Pradesh,01-03-2021,Energy Requirement,MU,7145
Maharashtra,01-03-2021,Energy Requirement,MU,16375
Manipur,01-03-2021,Energy Requirement,MU,78
Meghalaya,01-03-2021,Energy Requirement,MU,186
Mizoram,01-03-2021,Energy Requirement,MU,53
Nagaland,01-03-2021,Energy Requirement,MU,64
Odisha,01-03-2021,Energy Requirement,MU,2942
Puducherry,01-03-2021,Energy Requirement,MU,227
Punjab,01-03-2021,Energy Requirement,MU,4049
Rajasthan,01-03-2021,Energy Requirement,MU,7279
Sikkim,01-03-2021,Energy Requirement,MU,51
Tamil Nadu,01-03-2021,Energy Requirement,MU,9476
Telangana,01-03-2021,Energy Requirement,MU,7574
Tripura,01-03-2021,Energy Requirement,MU,221
Uttar Pradesh,01-03-2021,Energy Requirement,MU,9848
Uttarakhand,01-03-2021,Energy Requirement,MU,1146
West Bengal,01-03-2021,Energy Requirement,MU,5373
Andhra Pradesh,01-04-2021,Energy Met,MU,5880
Arunachal Pradesh,01-04-2021,Energy Met,MU,67
Assam,01-04-2021,Energy Met,MU,836
Bihar,01-04-2021,Energy Met,MU,3275
Chandigarh,01-04-2021,Energy Met,MU,105
Chhattisgarh,01-04-2021,Energy Met,MU,3233
DNH & DDU,01-04-2021,Energy Met,MU,767
Delhi,01-04-2021,Energy Met,MU,2230
Goa,01-04-2021,Energy Met,MU,349
Gujarat,01-04-2021,Energy Met,MU,11803
Haryana,01-04-2021,Energy Met,MU,3862
Himachal Pradesh,01-04-2021,Energy Met,MU,844
Jammu & Kashmir,01-04-2021,Energy Met,MU,1572
Jharkhand,01-04-2021,Energy Met,MU,930
Karnataka,01-04-2021,Energy Met,MU,6885
Kerala,01-04-2021,Energy Met,MU,2263
Madhya Pradesh,01-04-2021,Energy Met,MU,6957
Maharashtra,01-04-2021,Energy Met,MU,16080
Manipur,01-04-2021,Energy Met,MU,73
Meghalaya,01-04-2021,Energy Met,MU,151
Mizoram,01-04-2021,Energy Met,MU,52
Nagaland,01-04-2021,Energy Met,MU,62
Odisha,01-04-2021,Energy Met,MU,3078
Puducherry,01-04-2021,Energy Met,MU,251
Punjab,01-04-2021,Energy Met,MU,3700
Rajasthan,01-04-2021,Energy Met,MU,6412
Sikkim,01-04-2021,Energy Met,MU,45
Tamil Nadu,01-04-2021,Energy Met,MU,9779
Telangana,01-04-2021,Energy Met,MU,6356
Tripura,01-04-2021,Energy Met,MU,240
Uttar Pradesh,01-04-2021,Energy Met,MU,10122
Uttarakhand,01-04-2021,Energy Met,MU,1108
West Bengal,01-04-2021,Energy Met,MU,5664
Andhra Pradesh,01-04-2021,Energy Requirement,MU,5881
Arunachal Pradesh,01-04-2021,Energy Requirement,MU,67
Assam,01-04-2021,Energy Requirement,MU,855
Bihar,01-04-2021,Energy Requirement,MU,3293
Chandigarh,01-04-2021,Energy Requirement,MU,105
Chhattisgarh,01-04-2021,Energy Requirement,MU,3234
DNH & DDU,01-04-2021,Energy Requirement,MU,767
Delhi,01-04-2021,Energy Requirement,MU,2230
Goa,01-04-2021,Energy Requirement,MU,350
Gujarat,01-04-2021,Energy Requirement,MU,11803
Haryana,01-04-2021,Energy Requirement,MU,3870
Himachal Pradesh,01-04-2021,Energy Requirement,MU,845
Jammu & Kashmir,01-04-2021,Energy Requirement,MU,1764
Jharkhand,01-04-2021,Energy Requirement,MU,966
Karnataka,01-04-2021,Energy Requirement,MU,6886
Kerala,01-04-2021,Energy Requirement,MU,2263
Madhya Pradesh,01-04-2021,Energy Requirement,MU,6957
Maharashtra,01-04-2021,Energy Requirement,MU,16080
Manipur,01-04-2021,Energy Requirement,MU,74
Meghalaya,01-04-2021,Energy Requirement,MU,164
Mizoram,01-04-2021,Energy Requirement,MU,52
Nagaland,01-04-2021,Energy Requirement,MU,62
Odisha,01-04-2021,Energy Requirement,MU,3078
Puducherry,01-04-2021,Energy Requirement,MU,251
Punjab,01-04-2021,Energy Requirement,MU,3707
Rajasthan,01-04-2021,Energy Requirement,MU,6416
Sikkim,01-04-2021,Energy Requirement,MU,45
Tamil Nadu,01-04-2021,Energy Requirement,MU,9781
Telangana,01-04-2021,Energy Requirement,MU,6357
Tripura,01-04-2021,Energy Requirement,MU,240
Uttar Pradesh,01-04-2021,Energy Requirement,MU,10126
Uttarakhand,01-04-2021,Energy Requirement,MU,1114
West Bengal,01-04-2021,Energy Requirement,MU,5664
Andhra Pradesh,01-05-2021,Energy Met,MU,5880
Arunachal Pradesh,01-05-2021,Energy Met,MU,63
Assam,01-05-2021,Energy Met,MU,839
Bihar,01-05-2021,Energy Met,MU,2945
Chandigarh,01-05-2021,Energy Met,MU,127
Chhattisgarh,01-05-2021,Energy Met,MU,2629
DNH & DDU,01-05-2021,Energy Met,MU,672
Delhi,01-05-2021,Energy Met,MU,2314
Goa,01-05-2021,Energy Met,MU,341
Gujarat,01-05-2021,Energy Met,MU,10463
Haryana,01-05-2021,Energy Met,MU,4151
Himachal Pradesh,01-05-2021,Energy Met,MU,828
Jammu & Kashmir,01-05-2021,Energy Met,MU,1602
Jharkhand,01-05-2021,Energy Met,MU,828
Karnataka,01-05-2021,Energy Met,MU,5820
Kerala,01-05-2021,Energy Met,MU,2058
Madhya Pradesh,01-05-2021,Energy Met,MU,6426
Maharashtra,01-05-2021,Energy Met,MU,14853
Manipur,01-05-2021,Energy Met,MU,76
Meghalaya,01-05-2021,Energy Met,MU,165
Mizoram,01-05-2021,Energy Met,MU,52
Nagaland,01-05-2021,Energy Met,MU,69
Odisha,01-05-2021,Energy Met,MU,3040
Puducherry,01-05-2021,Energy Met,MU,249
Punjab,01-05-2021,Energy Met,MU,4652
Rajasthan,01-05-2021,Energy Met,MU,6595
Sikkim,01-05-2021,Energy Met,MU,45
Tamil Nadu,01-05-2021,Energy Met,MU,9293
Telangana,01-05-2021,Energy Met,MU,4875
Tripura,01-05-2021,Energy Met,MU,238
Uttar Pradesh,01-05-2021,Energy Met,MU,10564
Uttarakhand,01-05-2021,Energy Met,MU,1070
West Bengal,01-05-2021,Energy Met,MU,4747
Andhra Pradesh,01-05-2021,Energy Requirement,MU,5881
Arunachal Pradesh,01-05-2021,Energy Requirement,MU,63
Assam,01-05-2021,Energy Requirement,MU,839
Bihar,01-05-2021,Energy Requirement,MU,2945
Chandigarh,01-05-2021,Energy Requirement,MU,127
Chhattisgarh,01-05-2021,Energy Requirement,MU,2629
DNH & DDU,01-05-2021,Energy Requirement,MU,672
Delhi,01-05-2021,Energy Requirement,MU,2314
Goa,01-05-2021,Energy Requirement,MU,341
Gujarat,01-05-2021,Energy Requirement,MU,10463
Haryana,01-05-2021,Energy Requirement,MU,4153
Himachal Pradesh,01-05-2021,Energy Requirement,MU,829
Jammu & Kashmir,01-05-2021,Energy Requirement,MU,1718
Jharkhand,01-05-2021,Energy Requirement,MU,833
Karnataka,01-05-2021,Energy Requirement,MU,5821
Kerala,01-05-2021,Energy Requirement,MU,2058
Madhya Pradesh,01-05-2021,Energy Requirement,MU,6426
Maharashtra,01-05-2021,Energy Requirement,MU,14853
Manipur,01-05-2021,Energy Requirement,MU,77
Meghalaya,01-05-2021,Energy Requirement,MU,165
Mizoram,01-05-2021,Energy Requirement,MU,53
Nagaland,01-05-2021,Energy Requirement,MU,69
Odisha,01-05-2021,Energy Requirement,MU,3040
Puducherry,01-05-2021,Energy Requirement,MU,249
Punjab,01-05-2021,Energy Requirement,MU,4652
Rajasthan,01-05-2021,Energy Requirement,MU,6597
Sikkim,01-05-2021,Energy Requirement,MU,45
Tamil Nadu,01-05-2021,Energy Requirement,MU,9295
Telangana,01-05-2021,Energy Requirement,MU,4876
Tripura,01-05-2021,Energy Requirement,MU,238
Uttar Pradesh,01-05-2021,Energy Requirement,MU,10577
Uttarakhand,01-05-2021,Energy Requirement,MU,1070
West Bengal,01-05-2021,Energy Requirement,MU,4747
Andhra Pradesh,01-06-2021,Energy Met,MU,5554
Arunachal Pradesh,01-06-2021,Energy Met,MU,69
Assam,01-06-2021,Energy Met,MU,958
Bihar,01-06-2021,Energy Met,MU,3195
Chandigarh,01-06-2021,Energy Met,MU,167
Chhattisgarh,01-06-2021,Energy Met,MU,2514
DNH & DDU,01-06-2021,Energy Met,MU,744
Delhi,01-06-2021,Energy Met,MU,3262
Goa,01-06-2021,Energy Met,MU,345
Gujarat,01-06-2021,Energy Met,MU,10365
Haryana,01-06-2021,Energy Met,MU,5627
Himachal Pradesh,01-06-2021,Energy Met,MU,901
Jammu & Kashmir,01-06-2021,Energy Met,MU,1500
Jharkhand,01-06-2021,Energy Met,MU,865
Karnataka,01-06-2021,Energy Met,MU,5301
Kerala,01-06-2021,Energy Met,MU,2013
Madhya Pradesh,01-06-2021,Energy Met,MU,5892
Maharashtra,01-06-2021,Energy Met,MU,13169
Manipur,01-06-2021,Energy Met,MU,76
Meghalaya,01-06-2021,Energy Met,MU,162
Mizoram,01-06-2021,Energy Met,MU,51
Nagaland,01-06-2021,Energy Met,MU,74
Odisha,01-06-2021,Energy Met,MU,3018
Puducherry,01-06-2021,Energy Met,MU,242
Punjab,01-06-2021,Energy Met,MU,7031
Rajasthan,01-06-2021,Energy Met,MU,7300
Sikkim,01-06-2021,Energy Met,MU,42
Tamil Nadu,01-06-2021,Energy Met,MU,9366
Telangana,01-06-2021,Energy Met,MU,5219
Tripura,01-06-2021,Energy Met,MU,216
Uttar Pradesh,01-06-2021,Energy Met,MU,11997
Uttarakhand,01-06-2021,Energy Met,MU,1223
West Bengal,01-06-2021,Energy Met,MU,4918
Andhra Pradesh,01-06-2021,Energy Requirement,MU,5555
Arunachal Pradesh,01-06-2021,Energy Requirement,MU,69
Assam,01-06-2021,Energy Requirement,MU,958
Bihar,01-06-2021,Energy Requirement,MU,3197
Chandigarh,01-06-2021,Energy Requirement,MU,167
Chhattisgarh,01-06-2021,Energy Requirement,MU,2514
DNH & DDU,01-06-2021,Energy Requirement,MU,744
Delhi,01-06-2021,Energy Requirement,MU,3263
Goa,01-06-2021,Energy Requirement,MU,345
Gujarat,01-06-2021,Energy Requirement,MU,10365
Haryana,01-06-2021,Energy Requirement,MU,5639
Himachal Pradesh,01-06-2021,Energy Requirement,MU,901
Jammu & Kashmir,01-06-2021,Energy Requirement,MU,1604
Jharkhand,01-06-2021,Energy Requirement,MU,881
Karnataka,01-06-2021,Energy Requirement,MU,5302
Kerala,01-06-2021,Energy Requirement,MU,2013
Madhya Pradesh,01-06-2021,Energy Requirement,MU,5892
Maharashtra,01-06-2021,Energy Requirement,MU,13169
Manipur,01-06-2021,Energy Requirement,MU,77
Meghalaya,01-06-2021,Energy Requirement,MU,162
Mizoram,01-06-2021,Energy Requirement,MU,51
Nagaland,01-06-2021,Energy Requirement,MU,75
Odisha,01-06-2021,Energy Requirement,MU,3018
Puducherry,01-06-2021,Energy Requirement,MU,242
Punjab,01-06-2021,Energy Requirement,MU,7071
Rajasthan,01-06-2021,Energy Requirement,MU,7311
Sikkim,01-06-2021,Energy Requirement,MU,42
Tamil Nadu,01-06-2021,Energy Requirement,MU,9368
Telangana,01-06-2021,Energy Requirement,MU,5220
Tripura,01-06-2021,Energy Requirement,MU,216
Uttar Pradesh,01-06-2021,Energy Requirement,MU,12010
Uttarakhand,01-06-2021,Energy Requirement,MU,1225
West Bengal,01-06-2021,Energy Requirement,MU,4918
Andhra Pradesh,01-07-2021,Energy Met,MU,5292
Arunachal Pradesh,01-07-2021,Energy Met,MU,79
Assam,01-07-2021,Energy Met,MU,1048
Bihar,01-07-2021,Energy Met,MU,3777
Chandigarh,01-07-2021,Energy Met,MU,201
Chhattisgarh,01-07-2021,Energy Met,MU,2944
DNH & DDU,01-07-2021,Energy Met,MU,818
Delhi,01-07-2021,Energy Met,MU,3707
Goa,01-07-2021,Energy Met,MU,356
Gujarat,01-07-2021,Energy Met,MU,10802
Haryana,01-07-2021,Energy Met,MU,6500
Himachal Pradesh,01-07-2021,Energy Met,MU,898
Jammu & Kashmir,01-07-2021,Energy Met,MU,1445
Jharkhand,01-07-2021,Energy Met,MU,950
Karnataka,01-07-2021,Energy Met,MU,5254
Kerala,01-07-2021,Energy Met,MU,2081
Madhya Pradesh,01-07-2021,Energy Met,MU,6734
Maharashtra,01-07-2021,Energy Met,MU,13524
Manipur,01-07-2021,Energy Met,MU,81
Meghalaya,01-07-2021,Energy Met,MU,201
Mizoram,01-07-2021,Energy Met,MU,50
Nagaland,01-07-2021,Energy Met,MU,78
Odisha,01-07-2021,Energy Met,MU,3425
Puducherry,01-07-2021,Energy Met,MU,259
Punjab,01-07-2021,Energy Met,MU,8213
Rajasthan,01-07-2021,Energy Met,MU,8141
Sikkim,01-07-2021,Energy Met,MU,45
Tamil Nadu,01-07-2021,Energy Met,MU,9602
Telangana,01-07-2021,Energy Met,MU,5877
Tripura,01-07-2021,Energy Met,MU,229
Uttar Pradesh,01-07-2021,Energy Met,MU,13954
Uttarakhand,01-07-2021,Energy Met,MU,1360
West Bengal,01-07-2021,Energy Met,MU,5497
Andhra Pradesh,01-07-2021,Energy Requirement,MU,5292
Arunachal Pradesh,01-07-2021,Energy Requirement,MU,79
Assam,01-07-2021,Energy Requirement,MU,1048
Bihar,01-07-2021,Energy Requirement,MU,3797
Chandigarh,01-07-2021,Energy Requirement,MU,201
Chhattisgarh,01-07-2021,Energy Requirement,MU,2947
DNH & DDU,01-07-2021,Energy Requirement,MU,818
Delhi,01-07-2021,Energy Requirement,MU,3707
Goa,01-07-2021,Energy Requirement,MU,356
Gujarat,01-07-2021,Energy Requirement,MU,10802
Haryana,01-07-2021,Energy Requirement,MU,6503
Himachal Pradesh,01-07-2021,Energy Requirement,MU,901
Jammu & Kashmir,01-07-2021,Energy Requirement,MU,1552
Jharkhand,01-07-2021,Energy Requirement,MU,974
Karnataka,01-07-2021,Energy Requirement,MU,5252
Kerala,01-07-2021,Energy Requirement,MU,2080
Madhya Pradesh,01-07-2021,Energy Requirement,MU,6734
Maharashtra,01-07-2021,Energy Requirement,MU,13524
Manipur,01-07-2021,Energy Requirement,MU,81
Meghalaya,01-07-2021,Energy Requirement,MU,201
Mizoram,01-07-2021,Energy Requirement,MU,51
Nagaland,01-07-2021,Energy Requirement,MU,78
Odisha,01-07-2021,Energy Requirement,MU,3425
Puducherry,01-07-2021,Energy Requirement,MU,259
Punjab,01-07-2021,Energy Requirement,MU,8327
Rajasthan,01-07-2021,Energy Requirement,MU,8148
Sikkim,01-07-2021,Energy Requirement,MU,45
Tamil Nadu,01-07-2021,Energy Requirement,MU,9599
Telangana,01-07-2021,Energy Requirement,MU,5875
Tripura,01-07-2021,Energy Requirement,MU,229
Uttar Pradesh,01-07-2021,Energy Requirement,MU,13971
Uttarakhand,01-07-2021,Energy Requirement,MU,1374
West Bengal,01-07-2021,Energy Requirement,MU,5500
Andhra Pradesh,01-08-2021,Energy Met,MU,6086
Arunachal Pradesh,01-08-2021,Energy Met,MU,79
Assam,01-08-2021,Energy Met,MU,1075
Bihar,01-08-2021,Energy Met,MU,3659
Chandigarh,01-08-2021,Energy Met,MU,187
Chhattisgarh,01-08-2021,Energy Met,MU,3269
DNH & DDU,01-08-2021,Energy Met,MU,820
Delhi,01-08-2021,Energy Met,MU,3524
Goa,01-08-2021,Energy Met,MU,377
Gujarat,01-08-2021,Energy Met,MU,11892
Haryana,01-08-2021,Energy Met,MU,6422
Himachal Pradesh,01-08-2021,Energy Met,MU,972
Jammu & Kashmir,01-08-2021,Energy Met,MU,1447
Jharkhand,01-08-2021,Energy Met,MU,952
Karnataka,01-08-2021,Energy Met,MU,5855
Kerala,01-08-2021,Energy Met,MU,2117
Madhya Pradesh,01-08-2021,Energy Met,MU,6432
Maharashtra,01-08-2021,Energy Met,MU,14722
Manipur,01-08-2021,Energy Met,MU,81
Meghalaya,01-08-2021,Energy Met,MU,176
Mizoram,01-08-2021,Energy Met,MU,49
Nagaland,01-08-2021,Energy Met,MU,80
Odisha,01-08-2021,Energy Met,MU,3378
Puducherry,01-08-2021,Energy Met,MU,256
Punjab,01-08-2021,Energy Met,MU,8286
Rajasthan,01-08-2021,Energy Met,MU,8200
Sikkim,01-08-2021,Energy Met,MU,44
Tamil Nadu,01-08-2021,Energy Met,MU,10008
Telangana,01-08-2021,Energy Met,MU,6617
Tripura,01-08-2021,Energy Met,MU,242
Uttar Pradesh,01-08-2021,Energy Met,MU,13139
Uttarakhand,01-08-2021,Energy Met,MU,1316
West Bengal,01-08-2021,Energy Met,MU,5569
Andhra Pradesh,01-08-2021,Energy Requirement,MU,6087
Arunachal Pradesh,01-08-2021,Energy Requirement,MU,79
Assam,01-08-2021,Energy Requirement,MU,1076
Bihar,01-08-2021,Energy Requirement,MU,3722
Chandigarh,01-08-2021,Energy Requirement,MU,187
Chhattisgarh,01-08-2021,Energy Requirement,MU,3292
DNH & DDU,01-08-2021,Energy Requirement,MU,820
Delhi,01-08-2021,Energy Requirement,MU,3524
Goa,01-08-2021,Energy Requirement,MU,377
Gujarat,01-08-2021,Energy Requirement,MU,11902
Haryana,01-08-2021,Energy Requirement,MU,6433
Himachal Pradesh,01-08-2021,Energy Requirement,MU,975
Jammu & Kashmir,01-08-2021,Energy Requirement,MU,1554
Jharkhand,01-08-2021,Energy Requirement,MU,996
Karnataka,01-08-2021,Energy Requirement,MU,5856
Kerala,01-08-2021,Energy Requirement,MU,2118
Madhya Pradesh,01-08-2021,Energy Requirement,MU,6478
Maharashtra,01-08-2021,Energy Requirement,MU,14722
Manipur,01-08-2021,Energy Requirement,MU,81
Meghalaya,01-08-2021,Energy Requirement,MU,176
Mizoram,01-08-2021,Energy Requirement,MU,49
Nagaland,01-08-2021,Energy Requirement,MU,80
Odisha,01-08-2021,Energy Requirement,MU,3378
Puducherry,01-08-2021,Energy Requirement,MU,256
Punjab,01-08-2021,Energy Requirement,MU,8286
Rajasthan,01-08-2021,Energy Requirement,MU,8282
Sikkim,01-08-2021,Energy Requirement,MU,44
Tamil Nadu,01-08-2021,Energy Requirement,MU,10010
Telangana,01-08-2021,Energy Requirement,MU,6618
Tripura,01-08-2021,Energy Requirement,MU,242
Uttar Pradesh,01-08-2021,Energy Requirement,MU,13195
Uttarakhand,01-08-2021,Energy Requirement,MU,1341
West Bengal,01-08-2021,Energy Requirement,MU,5573
Andhra Pradesh,01-09-2021,Energy Met,MU,5676
Arunachal Pradesh,01-09-2021,Energy Met,MU,80
Assam,01-09-2021,Energy Met,MU,1101
Bihar,01-09-2021,Energy Met,MU,3497
Chandigarh,01-09-2021,Energy Met,MU,166
Chhattisgarh,01-09-2021,Energy Met,MU,2762
DNH & DDU,01-09-2021,Energy Met,MU,805
Delhi,01-09-2021,Energy Met,MU,3006
Goa,01-09-2021,Energy Met,MU,356
Gujarat,01-09-2021,Energy Met,MU,9271
Haryana,01-09-2021,Energy Met,MU,4955
Himachal Pradesh,01-09-2021,Energy Met,MU,941
Jammu & Kashmir,01-09-2021,Energy Met,MU,1334
Jharkhand,01-09-2021,Energy Met,MU,860
Karnataka,01-09-2021,Energy Met,MU,5685
Kerala,01-09-2021,Energy Met,MU,2136
Madhya Pradesh,01-09-2021,Energy Met,MU,6364
Maharashtra,01-09-2021,Energy Met,MU,13081
Manipur,01-09-2021,Energy Met,MU,79
Meghalaya,01-09-2021,Energy Met,MU,165
Mizoram,01-09-2021,Energy Met,MU,48
Nagaland,01-09-2021,Energy Met,MU,75
Odisha,01-09-2021,Energy Met,MU,3210
Puducherry,01-09-2021,Energy Met,MU,253
Punjab,01-09-2021,Energy Met,MU,6547
Rajasthan,01-09-2021,Energy Met,MU,6549
Sikkim,01-09-2021,Energy Met,MU,44
Tamil Nadu,01-09-2021,Energy Met,MU,9434
Telangana,01-09-2021,Energy Met,MU,5556
Tripura,01-09-2021,Energy Met,MU,235
Uttar Pradesh,01-09-2021,Energy Met,MU,11594
Uttarakhand,01-09-2021,Energy Met,MU,1266
West Bengal,01-09-2021,Energy Met,MU,4598
Andhra Pradesh,01-09-2021,Energy Requirement,MU,5676
Arunachal Pradesh,01-09-2021,Energy Requirement,MU,80
Assam,01-09-2021,Energy Requirement,MU,1101
Bihar,01-09-2021,Energy Requirement,MU,3581
Chandigarh,01-09-2021,Energy Requirement,MU,166
Chhattisgarh,01-09-2021,Energy Requirement,MU,2763
DNH & DDU,01-09-2021,Energy Requirement,MU,805
Delhi,01-09-2021,Energy Requirement,MU,3006
Goa,01-09-2021,Energy Requirement,MU,356
Gujarat,01-09-2021,Energy Requirement,MU,9285
Haryana,01-09-2021,Energy Requirement,MU,4961
Himachal Pradesh,01-09-2021,Energy Requirement,MU,942
Jammu & Kashmir,01-09-2021,Energy Requirement,MU,1437
Jharkhand,01-09-2021,Energy Requirement,MU,889
Karnataka,01-09-2021,Energy Requirement,MU,5682
Kerala,01-09-2021,Energy Requirement,MU,2136
Madhya Pradesh,01-09-2021,Energy Requirement,MU,6364
Maharashtra,01-09-2021,Energy Requirement,MU,13081
Manipur,01-09-2021,Energy Requirement,MU,79
Meghalaya,01-09-2021,Energy Requirement,MU,165
Mizoram,01-09-2021,Energy Requirement,MU,48
Nagaland,01-09-2021,Energy Requirement,MU,75
Odisha,01-09-2021,Energy Requirement,MU,3210
Puducherry,01-09-2021,Energy Requirement,MU,253
Punjab,01-09-2021,Energy Requirement,MU,6547
Rajasthan,01-09-2021,Energy Requirement,MU,6552
Sikkim,01-09-2021,Energy Requirement,MU,44
Tamil Nadu,01-09-2021,Energy Requirement,MU,9431
Telangana,01-09-2021,Energy Requirement,MU,5554
Tripura,01-09-2021,Energy Requirement,MU,235
Uttar Pradesh,01-09-2021,Energy Requirement,MU,11633
Uttarakhand,01-09-2021,Energy Requirement,MU,1270
West Bengal,01-09-2021,Energy Requirement,MU,4602
Andhra Pradesh,01-10-2021,Energy Met,MU,5827
Arunachal Pradesh,01-10-2021,Energy Met,MU,81
Assam,01-10-2021,Energy Met,MU,997
Bihar,01-10-2021,Energy Met,MU,2982
Chandigarh,01-10-2021,Energy Met,MU,126
Chhattisgarh,01-10-2021,Energy Met,MU,2899
DNH & DDU,01-10-2021,Energy Met,MU,819
Delhi,01-10-2021,Energy Met,MU,2647
Goa,01-10-2021,Energy Met,MU,415
Gujarat,01-10-2021,Energy Met,MU,11085
Haryana,01-10-2021,Energy Met,MU,4635
Himachal Pradesh,01-10-2021,Energy Met,MU,971
Jammu & Kashmir,01-10-2021,Energy Met,MU,1366
Jharkhand,01-10-2021,Energy Met,MU,888
Karnataka,01-10-2021,Energy Met,MU,5380
Kerala,01-10-2021,Energy Met,MU,2214
Madhya Pradesh,01-10-2021,Energy Met,MU,6726
Maharashtra,01-10-2021,Energy Met,MU,14266
Manipur,01-10-2021,Energy Met,MU,82
Meghalaya,01-10-2021,Energy Met,MU,179
Mizoram,01-10-2021,Energy Met,MU,54
Nagaland,01-10-2021,Energy Met,MU,75
Odisha,01-10-2021,Energy Met,MU,3490
Puducherry,01-10-2021,Energy Met,MU,248
Punjab,01-10-2021,Energy Met,MU,4876
Rajasthan,01-10-2021,Energy Met,MU,7023
Sikkim,01-10-2021,Energy Met,MU,45
Tamil Nadu,01-10-2021,Energy Met,MU,9062
Telangana,01-10-2021,Energy Met,MU,5956
Tripura,01-10-2021,Energy Met,MU,241
Uttar Pradesh,01-10-2021,Energy Met,MU,10378
Uttarakhand,01-10-2021,Energy Met,MU,1143
West Bengal,01-10-2021,Energy Met,MU,4955
Andhra Pradesh,01-10-2021,Energy Requirement,MU,5830
Arunachal Pradesh,01-10-2021,Energy Requirement,MU,81
Assam,01-10-2021,Energy Requirement,MU,1000
Bihar,01-10-2021,Energy Requirement,MU,3064
Chandigarh,01-10-2021,Energy Requirement,MU,126
Chhattisgarh,01-10-2021,Energy Requirement,MU,2903
DNH & DDU,01-10-2021,Energy Requirement,MU,820
Delhi,01-10-2021,Energy Requirement,MU,2647
Goa,01-10-2021,Energy Requirement,MU,416
Gujarat,01-10-2021,Energy Requirement,MU,11300
Haryana,01-10-2021,Energy Requirement,MU,4748
Himachal Pradesh,01-10-2021,Energy Requirement,MU,973
Jammu & Kashmir,01-10-2021,Energy Requirement,MU,1473
Jharkhand,01-10-2021,Energy Requirement,MU,963
Karnataka,01-10-2021,Energy Requirement,MU,5383
Kerala,01-10-2021,Energy Requirement,MU,2215
Madhya Pradesh,01-10-2021,Energy Requirement,MU,6726
Maharashtra,01-10-2021,Energy Requirement,MU,14266
Manipur,01-10-2021,Energy Requirement,MU,82
Meghalaya,01-10-2021,Energy Requirement,MU,180
Mizoram,01-10-2021,Energy Requirement,MU,54
Nagaland,01-10-2021,Energy Requirement,MU,75
Odisha,01-10-2021,Energy Requirement,MU,3490
Puducherry,01-10-2021,Energy Requirement,MU,248
Punjab,01-10-2021,Energy Requirement,MU,4997
Rajasthan,01-10-2021,Energy Requirement,MU,7265
Sikkim,01-10-2021,Energy Requirement,MU,45
Tamil Nadu,01-10-2021,Energy Requirement,MU,9067
Telangana,01-10-2021,Energy Requirement,MU,5959
Tripura,01-10-2021,Energy Requirement,MU,241
Uttar Pradesh,01-10-2021,Energy Requirement,MU,10516
Uttarakhand,01-10-2021,Energy Requirement,MU,1161
West Bengal,01-10-2021,Energy Requirement,MU,4957
Andhra Pradesh,01-11-2021,Energy Met,MU,4616
Arunachal Pradesh,01-11-2021,Energy Met,MU,81
Assam,01-11-2021,Energy Met,MU,689
Bihar,01-11-2021,Energy Met,MU,2214
Chandigarh,01-11-2021,Energy Met,MU,89
Chhattisgarh,01-11-2021,Energy Met,MU,2287
DNH & DDU,01-11-2021,Energy Met,MU,770
Delhi,01-11-2021,Energy Met,MU,1813
Goa,01-11-2021,Energy Met,MU,372
Gujarat,01-11-2021,Energy Met,MU,9877
Haryana,01-11-2021,Energy Met,MU,3456
Himachal Pradesh,01-11-2021,Energy Met,MU,897
Jammu & Kashmir,01-11-2021,Energy Met,MU,1590
Jharkhand,01-11-2021,Energy Met,MU,847
Karnataka,01-11-2021,Energy Met,MU,4738
Kerala,01-11-2021,Energy Met,MU,2120
Madhya Pradesh,01-11-2021,Energy Met,MU,7874
Maharashtra,01-11-2021,Energy Met,MU,14593
Manipur,01-11-2021,Energy Met,MU,82
Meghalaya,01-11-2021,Energy Met,MU,196
Mizoram,01-11-2021,Energy Met,MU,54
Nagaland,01-11-2021,Energy Met,MU,66
Odisha,01-11-2021,Energy Met,MU,3063
Puducherry,01-11-2021,Energy Met,MU,203
Punjab,01-11-2021,Energy Met,MU,3367
Rajasthan,01-11-2021,Energy Met,MU,7182
Sikkim,01-11-2021,Energy Met,MU,50
Tamil Nadu,01-11-2021,Energy Met,MU,7360
Telangana,01-11-2021,Energy Met,MU,4580
Tripura,01-11-2021,Energy Met,MU,173
Uttar Pradesh,01-11-2021,Energy Met,MU,8122
Uttarakhand,01-11-2021,Energy Met,MU,1018
West Bengal,01-11-2021,Energy Met,MU,3807
Andhra Pradesh,01-11-2021,Energy Requirement,MU,4616
Arunachal Pradesh,01-11-2021,Energy Requirement,MU,81
Assam,01-11-2021,Energy Requirement,MU,689
Bihar,01-11-2021,Energy Requirement,MU,2217
Chandigarh,01-11-2021,Energy Requirement,MU,89
Chhattisgarh,01-11-2021,Energy Requirement,MU,2287
DNH & DDU,01-11-2021,Energy Requirement,MU,770
Delhi,01-11-2021,Energy Requirement,MU,1813
Goa,01-11-2021,Energy Requirement,MU,373
Gujarat,01-11-2021,Energy Requirement,MU,9884
Haryana,01-11-2021,Energy Requirement,MU,3462
Himachal Pradesh,01-11-2021,Energy Requirement,MU,901
Jammu & Kashmir,01-11-2021,Energy Requirement,MU,1693
Jharkhand,01-11-2021,Energy Requirement,MU,874
Karnataka,01-11-2021,Energy Requirement,MU,4739
Kerala,01-11-2021,Energy Requirement,MU,2120
Madhya Pradesh,01-11-2021,Energy Requirement,MU,7874
Maharashtra,01-11-2021,Energy Requirement,MU,14593
Manipur,01-11-2021,Energy Requirement,MU,85
Meghalaya,01-11-2021,Energy Requirement,MU,196
Mizoram,01-11-2021,Energy Requirement,MU,54
Nagaland,01-11-2021,Energy Requirement,MU,66
Odisha,01-11-2021,Energy Requirement,MU,3063
Puducherry,01-11-2021,Energy Requirement,MU,203
Punjab,01-11-2021,Energy Requirement,MU,3391
Rajasthan,01-11-2021,Energy Requirement,MU,7190
Sikkim,01-11-2021,Energy Requirement,MU,50
Tamil Nadu,01-11-2021,Energy Requirement,MU,7362
Telangana,01-11-2021,Energy Requirement,MU,4581
Tripura,01-11-2021,Energy Requirement,MU,173
Uttar Pradesh,01-11-2021,Energy Requirement,MU,8137
Uttarakhand,01-11-2021,Energy Requirement,MU,1018
West Bengal,01-11-2021,Energy Requirement,MU,3807
Andhra Pradesh,01-12-2021,Energy Met,MU,5071
Arunachal Pradesh,01-12-2021,Energy Met,MU,81
Assam,01-12-2021,Energy Met,MU,695
Bihar,01-12-2021,Energy Met,MU,2372
Chandigarh,01-12-2021,Energy Met,MU,110
Chhattisgarh,01-12-2021,Energy Met,MU,2437
Delhi,01-12-2021,Energy Met,MU,2065
DNH & DDU,01-12-2021,Energy Met,MU,811
Goa,01-12-2021,Energy Met,MU,368
Gujarat,01-12-2021,Energy Met,MU,10778
Haryana,01-12-2021,Energy Met,MU,3981
Himachal Pradesh,01-12-2021,Energy Met,MU,1053
Jammu & Kashmir,01-12-2021,Energy Met,MU,1674
Jharkhand,01-12-2021,Energy Met,MU,890
Karnataka,01-12-2021,Energy Met,MU,5479
Kerala,01-12-2021,Energy Met,MU,2281
Madhya Pradesh,01-12-2021,Energy Met,MU,8740
Maharashtra,01-12-2021,Energy Met,MU,14563
Manipur,01-12-2021,Energy Met,MU,101
Meghalaya,01-12-2021,Energy Met,MU,223
Mizoram,01-12-2021,Energy Met,MU,61
Nagaland,01-12-2021,Energy Met,MU,70
Odisha,01-12-2021,Energy Met,MU,3053
Puducherry,01-12-2021,Energy Met,MU,218
Punjab,01-12-2021,Energy Met,MU,4093
Rajasthan,01-12-2021,Energy Met,MU,8217
Sikkim,01-12-2021,Energy Met,MU,60
Tamil Nadu,01-12-2021,Energy Met,MU,8590
Telangana,01-12-2021,Energy Met,MU,5517
Tripura,01-12-2021,Energy Met,MU,163
Uttar Pradesh,01-12-2021,Energy Met,MU,9222
Uttarakhand,01-12-2021,Energy Met,MU,1220
West Bengal,01-12-2021,Energy Met,MU,3682
Andhra Pradesh,01-12-2021,Energy Requirement,MU,5071
Arunachal Pradesh,01-12-2021,Energy Requirement,MU,81
Assam,01-12-2021,Energy Requirement,MU,695
Bihar,01-12-2021,Energy Requirement,MU,2406
Chandigarh,01-12-2021,Energy Requirement,MU,110
Chhattisgarh,01-12-2021,Energy Requirement,MU,2437
Delhi,01-12-2021,Energy Requirement,MU,2065
DNH & DDU,01-12-2021,Energy Requirement,MU,811
Goa,01-12-2021,Energy Requirement,MU,
Gujarat,01-12-2021,Energy Requirement,MU,10795
Haryana,01-12-2021,Energy Requirement,MU,3989
Himachal Pradesh,01-12-2021,Energy Requirement,MU,1055
Jammu & Kashmir,01-12-2021,Energy Requirement,MU,1845
Jharkhand,01-12-2021,Energy Requirement,MU,968
Karnataka,01-12-2021,Energy Requirement,MU,5479
Kerala,01-12-2021,Energy Requirement,MU,2281
Madhya Pradesh,01-12-2021,Energy Requirement,MU,8740
Maharashtra,01-12-2021,Energy Requirement,MU,14563
Manipur,01-12-2021,Energy Requirement,MU,101
Meghalaya,01-12-2021,Energy Requirement,MU,223
Mizoram,01-12-2021,Energy Requirement,MU,61
Nagaland,01-12-2021,Energy Requirement,MU,70
Odisha,01-12-2021,Energy Requirement,MU,3053
Puducherry,01-12-2021,Energy Requirement,MU,218
Punjab,01-12-2021,Energy Requirement,MU,4129
Rajasthan,01-12-2021,Energy Requirement,MU,8235
Sikkim,01-12-2021,Energy Requirement,MU,60
Tamil Nadu,01-12-2021,Energy Requirement,MU,8590
Telangana,01-12-2021,Energy Requirement,MU,5517
Tripura,01-12-2021,Energy Requirement,MU,163
Uttar Pradesh,01-12-2021,Energy Requirement,MU,9222
Uttarakhand,01-12-2021,Energy Requirement,MU,1221
West Bengal,01-12-2021,Energy Requirement,MU,3683
Andhra Pradesh,01-01-2022,Energy Met,MU,5559
Arunachal Pradesh,01-01-2022,Energy Met,MU,90
Assam,01-01-2022,Energy Met,MU,707
Bihar,01-01-2022,Energy Met,MU,2653
Chandigarh,01-01-2022,Energy Met,MU,125
Chhattisgarh,01-01-2022,Energy Met,MU,2533
DNH & DDU,01-01-2022,Energy Met,MU,807
Delhi,01-01-2022,Energy Met,MU,2246
Goa,01-01-2022,Energy Met,MU,358
Gujarat,01-01-2022,Energy Met,MU,10694
Haryana,01-01-2022,Energy Met,MU,3668
Himachal Pradesh,01-01-2022,Energy Met,MU,1060
Jammu & Kashmir,01-01-2022,Energy Met,MU,1732
Jharkhand,01-01-2022,Energy Met,MU,947
Karnataka,01-01-2022,Energy Met,MU,6940
Kerala,01-01-2022,Energy Met,MU,2319
Madhya Pradesh,01-01-2022,Energy Met,MU,7605
Maharashtra,01-01-2022,Energy Met,MU,15033
Manipur,01-01-2022,Energy Met,MU,109
Meghalaya,01-01-2022,Energy Met,MU,225
Mizoram,01-01-2022,Energy Met,MU,67
Nagaland,01-01-2022,Energy Met,MU,68
Odisha,01-01-2022,Energy Met,MU,2927
Puducherry,01-01-2022,Energy Met,MU,221
Punjab,01-01-2022,Energy Met,MU,3725
Rajasthan,01-01-2022,Energy Met,MU,7704
Sikkim,01-01-2022,Energy Met,MU,62
Tamil Nadu,01-01-2022,Energy Met,MU,8873
Telangana,01-01-2022,Energy Met,MU,6135
Tripura,01-01-2022,Energy Met,MU,170
Uttar Pradesh,01-01-2022,Energy Met,MU,9670
Uttarakhand,01-01-2022,Energy Met,MU,1297
West Bengal,01-01-2022,Energy Met,MU,3819
Andhra Pradesh,01-01-2022,Energy Requirement,MU,5559
Arunachal Pradesh,01-01-2022,Energy Requirement,MU,90
Assam,01-01-2022,Energy Requirement,MU,707
Bihar,01-01-2022,Energy Requirement,MU,2679
Chandigarh,01-01-2022,Energy Requirement,MU,125
Chhattisgarh,01-01-2022,Energy Requirement,MU,2533
DNH & DDU,01-01-2022,Energy Requirement,MU,807
Delhi,01-01-2022,Energy Requirement,MU,2246
Goa,01-01-2022,Energy Requirement,MU,358
Gujarat,01-01-2022,Energy Requirement,MU,10721
Haryana,01-01-2022,Energy Requirement,MU,3673
Himachal Pradesh,01-01-2022,Energy Requirement,MU,1061
Jammu & Kashmir,01-01-2022,Energy Requirement,MU,1876
Jharkhand,01-01-2022,Energy Requirement,MU,1006
Karnataka,01-01-2022,Energy Requirement,MU,6939
Kerala,01-01-2022,Energy Requirement,MU,2319
Madhya Pradesh,01-01-2022,Energy Requirement,MU,7605
Maharashtra,01-01-2022,Energy Requirement,MU,15033
Manipur,01-01-2022,Energy Requirement,MU,109
Meghalaya,01-01-2022,Energy Requirement,MU,225
Mizoram,01-01-2022,Energy Requirement,MU,67
Nagaland,01-01-2022,Energy Requirement,MU,68
Odisha,01-01-2022,Energy Requirement,MU,2927
Puducherry,01-01-2022,Energy Requirement,MU,221
Punjab,01-01-2022,Energy Requirement,MU,3766
Rajasthan,01-01-2022,Energy Requirement,MU,7713
Sikkim,01-01-2022,Energy Requirement,MU,62
Tamil Nadu,01-01-2022,Energy Requirement,MU,8873
Telangana,01-01-2022,Energy Requirement,MU,6135
Tripura,01-01-2022,Energy Requirement,MU,170
Uttar Pradesh,01-01-2022,Energy Requirement,MU,9670
Uttarakhand,01-01-2022,Energy Requirement,MU,1300
West Bengal,01-01-2022,Energy Requirement,MU,3820
Andhra Pradesh,01-02-2022,Energy Met,MU,5582
Arunachal Pradesh,01-02-2022,Energy Met,MU,81
Assam,01-02-2022,Energy Met,MU,618
Bihar,01-02-2022,Energy Met,MU,2301
Chandigarh,01-02-2022,Energy Met,MU,97
Chhattisgarh,01-02-2022,Energy Met,MU,2669
DNH & DDU,01-02-2022,Energy Met,MU,764
Delhi,01-02-2022,Energy Met,MU,1862
Goa,01-02-2022,Energy Met,MU,334
Gujarat,01-02-2022,Energy Met,MU,10135
Haryana,01-02-2022,Energy Met,MU,3480
Himachal Pradesh,01-02-2022,Energy Met,MU,936
Jammu & Kashmir,01-02-2022,Energy Met,MU,1626
Jharkhand,01-02-2022,Energy Met,MU,813
Karnataka,01-02-2022,Energy Met,MU,7057
Kerala,01-02-2022,Energy Met,MU,2223
Madhya Pradesh,01-02-2022,Energy Met,MU,8242
Maharashtra,01-02-2022,Energy Met,MU,14779
Manipur,01-02-2022,Energy Met,MU,94
Meghalaya,01-02-2022,Energy Met,MU,202
Mizoram,01-02-2022,Energy Met,MU,60
Nagaland,01-02-2022,Energy Met,MU,64
Odisha,01-02-2022,Energy Met,MU,2929
Puducherry,01-02-2022,Energy Met,MU,214
Punjab,01-02-2022,Energy Met,MU,3502
Rajasthan,01-02-2022,Energy Met,MU,7765
Sikkim,01-02-2022,Energy Met,MU,58
Tamil Nadu,01-02-2022,Energy Met,MU,9028
Telangana,01-02-2022,Energy Met,MU,6258
Tripura,01-02-2022,Energy Met,MU,156
Uttar Pradesh,01-02-2022,Energy Met,MU,8620
Uttarakhand,01-02-2022,Energy Met,MU,1121
West Bengal,01-02-2022,Energy Met,MU,3537
Andhra Pradesh,01-02-2022,Energy Requirement,MU,5582
Arunachal Pradesh,01-02-2022,Energy Requirement,MU,81
Assam,01-02-2022,Energy Requirement,MU,618
Bihar,01-02-2022,Energy Requirement,MU,2327
Chandigarh,01-02-2022,Energy Requirement,MU,97
Chhattisgarh,01-02-2022,Energy Requirement,MU,2669
DNH & DDU,01-02-2022,Energy Requirement,MU,764
Delhi,01-02-2022,Energy Requirement,MU,1862
Goa,01-02-2022,Energy Requirement,MU,335
Gujarat,01-02-2022,Energy Requirement,MU,10135
Haryana,01-02-2022,Energy Requirement,MU,3498
Himachal Pradesh,01-02-2022,Energy Requirement,MU,937
Jammu & Kashmir,01-02-2022,Energy Requirement,MU,1756
Jharkhand,01-02-2022,Energy Requirement,MU,865
Karnataka,01-02-2022,Energy Requirement,MU,7057
Kerala,01-02-2022,Energy Requirement,MU,2223
Madhya Pradesh,01-02-2022,Energy Requirement,MU,8242
Maharashtra,01-02-2022,Energy Requirement,MU,14788
Manipur,01-02-2022,Energy Requirement,MU,94
Meghalaya,01-02-2022,Energy Requirement,MU,202
Mizoram,01-02-2022,Energy Requirement,MU,60
Nagaland,01-02-2022,Energy Requirement,MU,64
Odisha,01-02-2022,Energy Requirement,MU,2929
Puducherry,01-02-2022,Energy Requirement,MU,214
Punjab,01-02-2022,Energy Requirement,MU,3505
Rajasthan,01-02-2022,Energy Requirement,MU,7779
Sikkim,01-02-2022,Energy Requirement,MU,58
Tamil Nadu,01-02-2022,Energy Requirement,MU,9028
Telangana,01-02-2022,Energy Requirement,MU,6258
Tripura,01-02-2022,Energy Requirement,MU,156
Uttar Pradesh,01-02-2022,Energy Requirement,MU,8620
Uttarakhand,01-02-2022,Energy Requirement,MU,1126
West Bengal,01-02-2022,Energy Requirement,MU,3538
Andhra Pradesh,01-03-2022,Energy Met,MU,6844
Arunachal Pradesh,01-03-2022,Energy Met,MU,81
Assam,01-03-2022,Energy Met,MU,684
Bihar,01-03-2022,Energy Met,MU,3070
Chandigarh,01-03-2022,Energy Met,MU,108
Chhattisgarh,01-03-2022,Energy Met,MU,3435
DNH & DDU,01-03-2022,Energy Met,MU,831
Delhi,01-03-2022,Energy Met,MU,2268
Goa,01-03-2022,Energy Met,MU,417
Gujarat,01-03-2022,Energy Met,MU,12217
Haryana,01-03-2022,Energy Met,MU,4201
Himachal Pradesh,01-03-2022,Energy Met,MU,930
Jammu & Kashmir,01-03-2022,Energy Met,MU,1626
Jharkhand,01-03-2022,Energy Met,MU,960
Karnataka,01-03-2022,Energy Met,MU,8289
Kerala,01-03-2022,Energy Met,MU,2617
Madhya Pradesh,01-03-2022,Energy Met,MU,8239
Maharashtra,01-03-2022,Energy Met,MU,17892
Manipur,01-03-2022,Energy Met,MU,90
Meghalaya,01-03-2022,Energy Met,MU,189
Mizoram,01-03-2022,Energy Met,MU,63
Nagaland,01-03-2022,Energy Met,MU,77
Odisha,01-03-2022,Energy Met,MU,3415
Puducherry,01-03-2022,Energy Met,MU,261
Punjab,01-03-2022,Energy Met,MU,4617
Rajasthan,01-03-2022,Energy Met,MU,8095
Sikkim,01-03-2022,Energy Met,MU,52
Tamil Nadu,01-03-2022,Energy Met,MU,10648
Telangana,01-03-2022,Energy Met,MU,8106
Tripura,01-03-2022,Energy Met,MU,171
Uttar Pradesh,01-03-2022,Energy Met,MU,10934
Uttarakhand,01-03-2022,Energy Met,MU,1159
West Bengal,01-03-2022,Energy Met,MU,5071
Andhra Pradesh,01-03-2022,Energy Requirement,MU,6850
Arunachal Pradesh,01-03-2022,Energy Requirement,MU,81
Assam,01-03-2022,Energy Requirement,MU,684
Bihar,01-03-2022,Energy Requirement,MU,3122
Chandigarh,01-03-2022,Energy Requirement,MU,108
Chhattisgarh,01-03-2022,Energy Requirement,MU,3436
DNH & DDU,01-03-2022,Energy Requirement,MU,845
Delhi,01-03-2022,Energy Requirement,MU,2268
Goa,01-03-2022,Energy Requirement,MU,424
Gujarat,01-03-2022,Energy Requirement,MU,12217
Haryana,01-03-2022,Energy Requirement,MU,4301
Himachal Pradesh,01-03-2022,Energy Requirement,MU,935
Jammu & Kashmir,01-03-2022,Energy Requirement,MU,1770
Jharkhand,01-03-2022,Energy Requirement,MU,1064
Karnataka,01-03-2022,Energy Requirement,MU,8296
Kerala,01-03-2022,Energy Requirement,MU,2619
Madhya Pradesh,01-03-2022,Energy Requirement,MU,8239
Maharashtra,01-03-2022,Energy Requirement,MU,17896
Manipur,01-03-2022,Energy Requirement,MU,90
Meghalaya,01-03-2022,Energy Requirement,MU,189
Mizoram,01-03-2022,Energy Requirement,MU,63
Nagaland,01-03-2022,Energy Requirement,MU,77
Odisha,01-03-2022,Energy Requirement,MU,3415
Puducherry,01-03-2022,Energy Requirement,MU,261
Punjab,01-03-2022,Energy Requirement,MU,4649
Rajasthan,01-03-2022,Energy Requirement,MU,8184
Sikkim,01-03-2022,Energy Requirement,MU,52
Tamil Nadu,01-03-2022,Energy Requirement,MU,10657
Telangana,01-03-2022,Energy Requirement,MU,8112
Tripura,01-03-2022,Energy Requirement,MU,171
Uttar Pradesh,01-03-2022,Energy Requirement,MU,10941
Uttarakhand,01-03-2022,Energy Requirement,MU,1188
West Bengal,01-03-2022,Energy Requirement,MU,5072
Andhra Pradesh,01-04-2022,Energy Met,MU,6362
Arunachal Pradesh,01-04-2022,Energy Met,MU,73
Assam,01-04-2022,Energy Met,MU,728
Bihar,01-04-2022,Energy Met,MU,3494
Chandigarh,01-04-2022,Energy Met,MU,147
Chhattisgarh,01-04-2022,Energy Met,MU,3600
DNH & DDU,01-04-2022,Energy Met,MU,833
Delhi,01-04-2022,Energy Met,MU,3171
Goa,01-04-2022,Energy Met,MU,432
Gujarat,01-04-2022,Energy Met,MU,12989
Haryana,01-04-2022,Energy Met,MU,4539
Himachal Pradesh,01-04-2022,Energy Met,MU,964
Jammu & Kashmir,01-04-2022,Energy Met,MU,1370
Jharkhand,01-04-2022,Energy Met,MU,1032
Karnataka,01-04-2022,Energy Met,MU,7370
Kerala,01-04-2022,Energy Met,MU,2468
Madhya Pradesh,01-04-2022,Energy Met,MU,8051
Maharashtra,01-04-2022,Energy Met,MU,18203
Manipur,01-04-2022,Energy Met,MU,73
Meghalaya,01-04-2022,Energy Met,MU,165
Mizoram,01-04-2022,Energy Met,MU,53
Nagaland,01-04-2022,Energy Met,MU,62
Odisha,01-04-2022,Energy Met,MU,3499
Puducherry,01-04-2022,Energy Met,MU,275
Punjab,01-04-2022,Energy Met,MU,4873
Rajasthan,01-04-2022,Energy Met,MU,7768
Sikkim,01-04-2022,Energy Met,MU,47
Tamil Nadu,01-04-2022,Energy Met,MU,10605
Telangana,01-04-2022,Energy Met,MU,7217
Tripura,01-04-2022,Energy Met,MU,246
Uttar Pradesh,01-04-2022,Energy Met,MU,12571
Uttarakhand,01-04-2022,Energy Met,MU,1236
West Bengal,01-04-2022,Energy Met,MU,5825
Andhra Pradesh,01-04-2022,Energy Requirement,MU,6377
Arunachal Pradesh,01-04-2022,Energy Requirement,MU,73
Assam,01-04-2022,Energy Requirement,MU,733
Bihar,01-04-2022,Energy Requirement,MU,3628
Chandigarh,01-04-2022,Energy Requirement,MU,147
Chhattisgarh,01-04-2022,Energy Requirement,MU,3650
DNH & DDU,01-04-2022,Energy Requirement,MU,834
Delhi,01-04-2022,Energy Requirement,MU,3171
Goa,01-04-2022,Energy Requirement,MU,436
Gujarat,01-04-2022,Energy Requirement,MU,12989
Haryana,01-04-2022,Energy Requirement,MU,4836
Himachal Pradesh,01-04-2022,Energy Requirement,MU,975
Jammu & Kashmir,01-04-2022,Energy Requirement,MU,1519
Jharkhand,01-04-2022,Energy Requirement,MU,1148
Karnataka,01-04-2022,Energy Requirement,MU,7388
Kerala,01-04-2022,Energy Requirement,MU,2474
Madhya Pradesh,01-04-2022,Energy Requirement,MU,8282
Maharashtra,01-04-2022,Energy Requirement,MU,18321
Manipur,01-04-2022,Energy Requirement,MU,74
Meghalaya,01-04-2022,Energy Requirement,MU,166
Mizoram,01-04-2022,Energy Requirement,MU,53
Nagaland,01-04-2022,Energy Requirement,MU,62
Odisha,01-04-2022,Energy Requirement,MU,3529
Puducherry,01-04-2022,Energy Requirement,MU,276
Punjab,01-04-2022,Energy Requirement,MU,5015
Rajasthan,01-04-2022,Energy Requirement,MU,8217
Sikkim,01-04-2022,Energy Requirement,MU,47
Tamil Nadu,01-04-2022,Energy Requirement,MU,10632
Telangana,01-04-2022,Energy Requirement,MU,7233
Tripura,01-04-2022,Energy Requirement,MU,246
Uttar Pradesh,01-04-2022,Energy Requirement,MU,12813
Uttarakhand,01-04-2022,Energy Requirement,MU,1296
West Bengal,01-04-2022,Energy Requirement,MU,5838
Andhra Pradesh,01-05-2022,Energy Met,MU,6062
Arunachal Pradesh,01-05-2022,Energy Met,MU,78
Assam,01-05-2022,Energy Met,MU,956
Bihar,01-05-2022,Energy Met,MU,3500
Chandigarh,01-05-2022,Energy Met,MU,183
Chhattisgarh,01-05-2022,Energy Met,MU,3252
DNH & DDU,01-05-2022,Energy Met,MU,847
Delhi,01-05-2022,Energy Met,MU,3738
Goa,01-05-2022,Energy Met,MU,444
Gujarat,01-05-2022,Energy Met,MU,13310
Haryana,01-05-2022,Energy Met,MU,5641
Himachal Pradesh,01-05-2022,Energy Met,MU,1003
Jammu & Kashmir,01-05-2022,Energy Met,MU,1546
Jharkhand,01-05-2022,Energy Met,MU,979
Karnataka,01-05-2022,Energy Met,MU,6219
Kerala,01-05-2022,Energy Met,MU,2359
Madhya Pradesh,01-05-2022,Energy Met,MU,8102
Maharashtra,01-05-2022,Energy Met,MU,18147
Manipur,01-05-2022,Energy Met,MU,75
Meghalaya,01-05-2022,Energy Met,MU,167
Mizoram,01-05-2022,Energy Met,MU,53
Nagaland,01-05-2022,Energy Met,MU,72
Odisha,01-05-2022,Energy Met,MU,3836
Puducherry,01-05-2022,Energy Met,MU,280
Punjab,01-05-2022,Energy Met,MU,6331
Rajasthan,01-05-2022,Energy Met,MU,8954
Sikkim,01-05-2022,Energy Met,MU,47
Tamil Nadu,01-05-2022,Energy Met,MU,10458
Telangana,01-05-2022,Energy Met,MU,5748
Tripura,01-05-2022,Energy Met,MU,213
Uttar Pradesh,01-05-2022,Energy Met,MU,14084
Uttarakhand,01-05-2022,Energy Met,MU,1393
West Bengal,01-05-2022,Energy Met,MU,5354
Andhra Pradesh,01-05-2022,Energy Requirement,MU,6062
Arunachal Pradesh,01-05-2022,Energy Requirement,MU,78
Assam,01-05-2022,Energy Requirement,MU,956
Bihar,01-05-2022,Energy Requirement,MU,3555
Chandigarh,01-05-2022,Energy Requirement,MU,183
Chhattisgarh,01-05-2022,Energy Requirement,MU,3253
DNH & DDU,01-05-2022,Energy Requirement,MU,847
Delhi,01-05-2022,Energy Requirement,MU,3738
Goa,01-05-2022,Energy Requirement,MU,444
Gujarat,01-05-2022,Energy Requirement,MU,13310
Haryana,01-05-2022,Energy Requirement,MU,5692
Himachal Pradesh,01-05-2022,Energy Requirement,MU,1004
Jammu & Kashmir,01-05-2022,Energy Requirement,MU,1578
Jharkhand,01-05-2022,Energy Requirement,MU,1036
Karnataka,01-05-2022,Energy Requirement,MU,6220
Kerala,01-05-2022,Energy Requirement,MU,2359
Madhya Pradesh,01-05-2022,Energy Requirement,MU,8195
Maharashtra,01-05-2022,Energy Requirement,MU,18147
Manipur,01-05-2022,Energy Requirement,MU,75
Meghalaya,01-05-2022,Energy Requirement,MU,170
Mizoram,01-05-2022,Energy Requirement,MU,53
Nagaland,01-05-2022,Energy Requirement,MU,72
Odisha,01-05-2022,Energy Requirement,MU,3841
Puducherry,01-05-2022,Energy Requirement,MU,280
Punjab,01-05-2022,Energy Requirement,MU,6345
Rajasthan,01-05-2022,Energy Requirement,MU,9068
Sikkim,01-05-2022,Energy Requirement,MU,47
Tamil Nadu,01-05-2022,Energy Requirement,MU,10459
Telangana,01-05-2022,Energy Requirement,MU,5748
Tripura,01-05-2022,Energy Requirement,MU,213
Uttar Pradesh,01-05-2022,Energy Requirement,MU,14175
Uttarakhand,01-05-2022,Energy Requirement,MU,1401
West Bengal,01-05-2022,Energy Requirement,MU,5368
Andhra Pradesh,01-06-2022,Energy Met,MU,6062
Arunachal Pradesh,01-06-2022,Energy Met,MU,79
Assam,01-06-2022,Energy Met,MU,991
Bihar,01-06-2022,Energy Met,MU,3658
Chandigarh,01-06-2022,Energy Met,MU,198
Chhattisgarh,01-06-2022,Energy Met,MU,3040
DNH & DDU,01-06-2022,Energy Met,MU,840
Delhi,01-06-2022,Energy Met,MU,3903
Goa,01-06-2022,Energy Met,MU,384
Gujarat,01-06-2022,Energy Met,MU,12599
Haryana,01-06-2022,Energy Met,MU,6351
Himachal Pradesh,01-06-2022,Energy Met,MU,1034
Jammu & Kashmir,01-06-2022,Energy Met,MU,1525
Jharkhand,01-06-2022,Energy Met,MU,963
Karnataka,01-06-2022,Energy Met,MU,6219
Kerala,01-06-2022,Energy Met,MU,2359
Madhya Pradesh,01-06-2022,Energy Met,MU,7023
Maharashtra,01-06-2022,Energy Met,MU,16003
Manipur,01-06-2022,Energy Met,MU,76
Meghalaya,01-06-2022,Energy Met,MU,156
Mizoram,01-06-2022,Energy Met,MU,51
Nagaland,01-06-2022,Energy Met,MU,78
Odisha,01-06-2022,Energy Met,MU,3872
Puducherry,01-06-2022,Energy Met,MU,280
Punjab,01-06-2022,Energy Met,MU,7533
Rajasthan,01-06-2022,Energy Met,MU,8723
Sikkim,01-06-2022,Energy Met,MU,44
Tamil Nadu,01-06-2022,Energy Met,MU,10458
Telangana,01-06-2022,Energy Met,MU,5748
Tripura,01-06-2022,Energy Met,MU,220
Uttar Pradesh,01-06-2022,Energy Met,MU,14857
Uttarakhand,01-06-2022,Energy Met,MU,1479
West Bengal,01-06-2022,Energy Met,MU,5545
Andhra Pradesh,01-06-2022,Energy Requirement,MU,6062
Arunachal Pradesh,01-06-2022,Energy Requirement,MU,79
Assam,01-06-2022,Energy Requirement,MU,991
Bihar,01-06-2022,Energy Requirement,MU,3712
Chandigarh,01-06-2022,Energy Requirement,MU,198
Chhattisgarh,01-06-2022,Energy Requirement,MU,3041
DNH & DDU,01-06-2022,Energy Requirement,MU,840
Delhi,01-06-2022,Energy Requirement,MU,3904
Goa,01-06-2022,Energy Requirement,MU,384
Gujarat,01-06-2022,Energy Requirement,MU,12599
Haryana,01-06-2022,Energy Requirement,MU,6371
Himachal Pradesh,01-06-2022,Energy Requirement,MU,1040
Jammu & Kashmir,01-06-2022,Energy Requirement,MU,1569
Jharkhand,01-06-2022,Energy Requirement,MU,1044
Karnataka,01-06-2022,Energy Requirement,MU,6220
Kerala,01-06-2022,Energy Requirement,MU,2359
Madhya Pradesh,01-06-2022,Energy Requirement,MU,7023
Maharashtra,01-06-2022,Energy Requirement,MU,16003
Manipur,01-06-2022,Energy Requirement,MU,77
Meghalaya,01-06-2022,Energy Requirement,MU,164
Mizoram,01-06-2022,Energy Requirement,MU,51
Nagaland,01-06-2022,Energy Requirement,MU,78
Odisha,01-06-2022,Energy Requirement,MU,3872
Puducherry,01-06-2022,Energy Requirement,MU,280
Punjab,01-06-2022,Energy Requirement,MU,7533
Rajasthan,01-06-2022,Energy Requirement,MU,8886
Sikkim,01-06-2022,Energy Requirement,MU,44
Tamil Nadu,01-06-2022,Energy Requirement,MU,10459
Telangana,01-06-2022,Energy Requirement,MU,5748
Tripura,01-06-2022,Energy Requirement,MU,220
Uttar Pradesh,01-06-2022,Energy Requirement,MU,15130
Uttarakhand,01-06-2022,Energy Requirement,MU,1512
West Bengal,01-06-2022,Energy Requirement,MU,5551
Andhra Pradesh,01-07-2022,Energy Met,MU,5722
Arunachal Pradesh,01-07-2022,Energy Met,MU,86
Assam,01-07-2022,Energy Met,MU,1242
Bihar,01-07-2022,Energy Met,MU,4033
Chandigarh,01-07-2022,Energy Met,MU,203
Chhattisgarh,01-07-2022,Energy Met,MU,3093
DNH & DDU,01-07-2022,Energy Met,MU,821
Delhi,01-07-2022,Energy Met,MU,3876
Goa,01-07-2022,Energy Met,MU,367
Gujarat,01-07-2022,Energy Met,MU,10256
Haryana,01-07-2022,Energy Met,MU,6491
Himachal Pradesh,01-07-2022,Energy Met,MU,997
Jammu & Kashmir,01-07-2022,Energy Met,MU,1534
Jharkhand,01-07-2022,Energy Met,MU,1037
Karnataka,01-07-2022,Energy Met,MU,5371
Kerala,01-07-2022,Energy Met,MU,2116
Madhya Pradesh,01-07-2022,Energy Met,MU,6594
Maharashtra,01-07-2022,Energy Met,MU,13877
Manipur,01-07-2022,Energy Met,MU,83
Meghalaya,01-07-2022,Energy Met,MU,176
Mizoram,01-07-2022,Energy Met,MU,52
Nagaland,01-07-2022,Energy Met,MU,84
Odisha,01-07-2022,Energy Met,MU,3853
Puducherry,01-07-2022,Energy Met,MU,292
Punjab,01-07-2022,Energy Met,MU,8192
Rajasthan,01-07-2022,Energy Met,MU,7244
Sikkim,01-07-2022,Energy Met,MU,43
Tamil Nadu,01-07-2022,Energy Met,MU,10142
Telangana,01-07-2022,Energy Met,MU,5325
Tripura,01-07-2022,Energy Met,MU,259
Uttar Pradesh,01-07-2022,Energy Met,MU,14909
Uttarakhand,01-07-2022,Energy Met,MU,1445
West Bengal,01-07-2022,Energy Met,MU,5957
Andhra Pradesh,01-07-2022,Energy Requirement,MU,5725
Arunachal Pradesh,01-07-2022,Energy Requirement,MU,86
Assam,01-07-2022,Energy Requirement,MU,1242
Bihar,01-07-2022,Energy Requirement,MU,4166
Chandigarh,01-07-2022,Energy Requirement,MU,203
Chhattisgarh,01-07-2022,Energy Requirement,MU,3093
DNH & DDU,01-07-2022,Energy Requirement,MU,821
Delhi,01-07-2022,Energy Requirement,MU,3876
Goa,01-07-2022,Energy Requirement,MU,367
Gujarat,01-07-2022,Energy Requirement,MU,10263
Haryana,01-07-2022,Energy Requirement,MU,6506
Himachal Pradesh,01-07-2022,Energy Requirement,MU,1000
Jammu & Kashmir,01-07-2022,Energy Requirement,MU,1535
Jharkhand,01-07-2022,Energy Requirement,MU,1094
Karnataka,01-07-2022,Energy Requirement,MU,5371
Kerala,01-07-2022,Energy Requirement,MU,2116
Madhya Pradesh,01-07-2022,Energy Requirement,MU,6594
Maharashtra,01-07-2022,Energy Requirement,MU,13877
Manipur,01-07-2022,Energy Requirement,MU,83
Meghalaya,01-07-2022,Energy Requirement,MU,183
Mizoram,01-07-2022,Energy Requirement,MU,52
Nagaland,01-07-2022,Energy Requirement,MU,84
Odisha,01-07-2022,Energy Requirement,MU,3853
Puducherry,01-07-2022,Energy Requirement,MU,292
Punjab,01-07-2022,Energy Requirement,MU,8192
Rajasthan,01-07-2022,Energy Requirement,MU,7263
Sikkim,01-07-2022,Energy Requirement,MU,43
Tamil Nadu,01-07-2022,Energy Requirement,MU,10142
Telangana,01-07-2022,Energy Requirement,MU,5325
Tripura,01-07-2022,Energy Requirement,MU,259
Uttar Pradesh,01-07-2022,Energy Requirement,MU,15014
Uttarakhand,01-07-2022,Energy Requirement,MU,1481
West Bengal,01-07-2022,Energy Requirement,MU,5960
Andhra Pradesh,01-08-2022,Energy Met,MU,6096
Arunachal Pradesh,01-08-2022,Energy Met,MU,87
Assam,01-08-2022,Energy Met,MU,1314
Bihar,01-08-2022,Energy Met,MU,3942
Chandigarh,01-08-2022,Energy Met,MU,198
Chhattisgarh,01-08-2022,Energy Met,MU,3120
DNH & DDU,01-08-2022,Energy Met,MU,836
Delhi,01-08-2022,Energy Met,MU,3572
Goa,01-08-2022,Energy Met,MU,374
Gujarat,01-08-2022,Energy Met,MU,10049
Haryana,01-08-2022,Energy Met,MU,6500
Himachal Pradesh,01-08-2022,Energy Met,MU,949
Jammu & Kashmir,01-08-2022,Energy Met,MU,1537
Jharkhand,01-08-2022,Energy Met,MU,979
Karnataka,01-08-2022,Energy Met,MU,5596
Kerala,01-08-2022,Energy Met,MU,2200
Madhya Pradesh,01-08-2022,Energy Met,MU,6500
Maharashtra,01-08-2022,Energy Met,MU,14427
Manipur,01-08-2022,Energy Met,MU,83
Meghalaya,01-08-2022,Energy Met,MU,185
Mizoram,01-08-2022,Energy Met,MU,53
Nagaland,01-08-2022,Energy Met,MU,87
Odisha,01-08-2022,Energy Met,MU,4032
Puducherry,01-08-2022,Energy Met,MU,284
Punjab,01-08-2022,Energy Met,MU,8724
Rajasthan,01-08-2022,Energy Met,MU,7095
Sikkim,01-08-2022,Energy Met,MU,43
Tamil Nadu,01-08-2022,Energy Met,MU,9694
Telangana,01-08-2022,Energy Met,MU,6260
Tripura,01-08-2022,Energy Met,MU,274
Uttar Pradesh,01-08-2022,Energy Met,MU,14250
Uttarakhand,01-08-2022,Energy Met,MU,1385
West Bengal,01-08-2022,Energy Met,MU,5499
Andhra Pradesh,01-08-2022,Energy Requirement,MU,6135
Arunachal Pradesh,01-08-2022,Energy Requirement,MU,87
Assam,01-08-2022,Energy Requirement,MU,1315
Bihar,01-08-2022,Energy Requirement,MU,4096
Chandigarh,01-08-2022,Energy Requirement,MU,198
Chhattisgarh,01-08-2022,Energy Requirement,MU,3123
DNH & DDU,01-08-2022,Energy Requirement,MU,836
Delhi,01-08-2022,Energy Requirement,MU,3573
Goa,01-08-2022,Energy Requirement,MU,375
Gujarat,01-08-2022,Energy Requirement,MU,10049
Haryana,01-08-2022,Energy Requirement,MU,6532
Himachal Pradesh,01-08-2022,Energy Requirement,MU,955
Jammu & Kashmir,01-08-2022,Energy Requirement,MU,1546
Jharkhand,01-08-2022,Energy Requirement,MU,1039
Karnataka,01-08-2022,Energy Requirement,MU,5643
Kerala,01-08-2022,Energy Requirement,MU,2216
Madhya Pradesh,01-08-2022,Energy Requirement,MU,6501
Maharashtra,01-08-2022,Energy Requirement,MU,14427
Manipur,01-08-2022,Energy Requirement,MU,84
Meghalaya,01-08-2022,Energy Requirement,MU,185
Mizoram,01-08-2022,Energy Requirement,MU,53
Nagaland,01-08-2022,Energy Requirement,MU,87
Odisha,01-08-2022,Energy Requirement,MU,4038
Puducherry,01-08-2022,Energy Requirement,MU,286
Punjab,01-08-2022,Energy Requirement,MU,8724
Rajasthan,01-08-2022,Energy Requirement,MU,7140
Sikkim,01-08-2022,Energy Requirement,MU,43
Tamil Nadu,01-08-2022,Energy Requirement,MU,9756
Telangana,01-08-2022,Energy Requirement,MU,6306
Tripura,01-08-2022,Energy Requirement,MU,274
Uttar Pradesh,01-08-2022,Energy Requirement,MU,14327
Uttarakhand,01-08-2022,Energy Requirement,MU,1400
West Bengal,01-08-2022,Energy Requirement,MU,5504
Andhra Pradesh,01-09-2022,Energy Met,MU,5994
Arunachal Pradesh,01-09-2022,Energy Met,MU,77
Assam,01-09-2022,Energy Met,MU,1219
Bihar,01-09-2022,Energy Met,MU,3667
Chandigarh,01-09-2022,Energy Met,MU,176
Chhattisgarh,01-09-2022,Energy Met,MU,3190
DNH & DDU,01-09-2022,Energy Met,MU,827
Delhi,01-09-2022,Energy Met,MU,3440
Goa,01-09-2022,Energy Met,MU,359
Gujarat,01-09-2022,Energy Met,MU,11406
Haryana,01-09-2022,Energy Met,MU,6145
Himachal Pradesh,01-09-2022,Energy Met,MU,985
Jammu & Kashmir,01-09-2022,Energy Met,MU,1487
Jharkhand,01-09-2022,Energy Met,MU,976
Karnataka,01-09-2022,Energy Met,MU,5407
Kerala,01-09-2022,Energy Met,MU,2211
Madhya Pradesh,01-09-2022,Energy Met,MU,6558
Maharashtra,01-09-2022,Energy Met,MU,13801
Manipur,01-09-2022,Energy Met,MU,81
Meghalaya,01-09-2022,Energy Met,MU,180
Mizoram,01-09-2022,Energy Met,MU,48
Nagaland,01-09-2022,Energy Met,MU,83
Odisha,01-09-2022,Energy Met,MU,4001
Puducherry,01-09-2022,Energy Met,MU,273
Punjab,01-09-2022,Energy Met,MU,7706
Rajasthan,01-09-2022,Energy Met,MU,8709
Sikkim,01-09-2022,Energy Met,MU,45
Tamil Nadu,01-09-2022,Energy Met,MU,9581
Telangana,01-09-2022,Energy Met,MU,6162
Tripura,01-09-2022,Energy Met,MU,155
Uttar Pradesh,01-09-2022,Energy Met,MU,13128
Uttarakhand,01-09-2022,Energy Met,MU,1302
West Bengal,01-09-2022,Energy Met,MU,5467
Andhra Pradesh,01-09-2022,Energy Requirement,MU,6003
Arunachal Pradesh,01-09-2022,Energy Requirement,MU,77
Assam,01-09-2022,Energy Requirement,MU,1219
Bihar,01-09-2022,Energy Requirement,MU,3722
Chandigarh,01-09-2022,Energy Requirement,MU,176
Chhattisgarh,01-09-2022,Energy Requirement,MU,3191
DNH & DDU,01-09-2022,Energy Requirement,MU,827
Delhi,01-09-2022,Energy Requirement,MU,3440
Goa,01-09-2022,Energy Requirement,MU,360
Gujarat,01-09-2022,Energy Requirement,MU,11406
Haryana,01-09-2022,Energy Requirement,MU,6163
Himachal Pradesh,01-09-2022,Energy Requirement,MU,988
Jammu & Kashmir,01-09-2022,Energy Requirement,MU,1502
Jharkhand,01-09-2022,Energy Requirement,MU,1017
Karnataka,01-09-2022,Energy Requirement,MU,5418
Kerala,01-09-2022,Energy Requirement,MU,2215
Madhya Pradesh,01-09-2022,Energy Requirement,MU,6558
Maharashtra,01-09-2022,Energy Requirement,MU,13801
Manipur,01-09-2022,Energy Requirement,MU,82
Meghalaya,01-09-2022,Energy Requirement,MU,180
Mizoram,01-09-2022,Energy Requirement,MU,48
Nagaland,01-09-2022,Energy Requirement,MU,83
Odisha,01-09-2022,Energy Requirement,MU,4001
Puducherry,01-09-2022,Energy Requirement,MU,273
Punjab,01-09-2022,Energy Requirement,MU,7706
Rajasthan,01-09-2022,Energy Requirement,MU,8743
Sikkim,01-09-2022,Energy Requirement,MU,45
Tamil Nadu,01-09-2022,Energy Requirement,MU,9596
Telangana,01-09-2022,Energy Requirement,MU,6173
Tripura,01-09-2022,Energy Requirement,MU,155
Uttar Pradesh,01-09-2022,Energy Requirement,MU,13250
Uttarakhand,01-09-2022,Energy Requirement,MU,1313
West Bengal,01-09-2022,Energy Requirement,MU,5471
Andhra Pradesh,01-10-2022,Energy Met,MU,5525
Arunachal Pradesh,01-10-2022,Energy Met,MU,74
Assam,01-10-2022,Energy Met,MU,1004
Bihar,01-10-2022,Energy Met,MU,3288
Chandigarh,01-10-2022,Energy Met,MU,121
Chhattisgarh,01-10-2022,Energy Met,MU,2966
DNH & DDU,01-10-2022,Energy Met,MU,797
Delhi,01-10-2022,Energy Met,MU,2434
Goa,01-10-2022,Energy Met,MU,364
Gujarat,01-10-2022,Energy Met,MU,11808
Haryana,01-10-2022,Energy Met,MU,4344
Himachal Pradesh,01-10-2022,Energy Met,MU,937
Jammu & Kashmir,01-10-2022,Energy Met,MU,1557
Jharkhand,01-10-2022,Energy Met,MU,977
Karnataka,01-10-2022,Energy Met,MU,5121
Kerala,01-10-2022,Energy Met,MU,2325
Madhya Pradesh,01-10-2022,Energy Met,MU,6449
Maharashtra,01-10-2022,Energy Met,MU,13945
Manipur,01-10-2022,Energy Met,MU,80
Meghalaya,01-10-2022,Energy Met,MU,188
Mizoram,01-10-2022,Energy Met,MU,52
Nagaland,01-10-2022,Energy Met,MU,74
Odisha,01-10-2022,Energy Met,MU,3857
Puducherry,01-10-2022,Energy Met,MU,264
Punjab,01-10-2022,Energy Met,MU,5053
Rajasthan,01-10-2022,Energy Met,MU,7886
Sikkim,01-10-2022,Energy Met,MU,40
Tamil Nadu,01-10-2022,Energy Met,MU,9010
Telangana,01-10-2022,Energy Met,MU,5443
Tripura,01-10-2022,Energy Met,MU,150
Uttar Pradesh,01-10-2022,Energy Met,MU,10052
Uttarakhand,01-10-2022,Energy Met,MU,1116
West Bengal,01-10-2022,Energy Met,MU,4922
Andhra Pradesh,01-10-2022,Energy Requirement,MU,5525
Arunachal Pradesh,01-10-2022,Energy Requirement,MU,74
Assam,01-10-2022,Energy Requirement,MU,1004
Bihar,01-10-2022,Energy Requirement,MU,3305
Chandigarh,01-10-2022,Energy Requirement,MU,121
Chhattisgarh,01-10-2022,Energy Requirement,MU,2966
DNH & DDU,01-10-2022,Energy Requirement,MU,797
Delhi,01-10-2022,Energy Requirement,MU,2434
Goa,01-10-2022,Energy Requirement,MU,364
Gujarat,01-10-2022,Energy Requirement,MU,11808
Haryana,01-10-2022,Energy Requirement,MU,4345
Himachal Pradesh,01-10-2022,Energy Requirement,MU,940
Jammu & Kashmir,01-10-2022,Energy Requirement,MU,1573
Jharkhand,01-10-2022,Energy Requirement,MU,1005
Karnataka,01-10-2022,Energy Requirement,MU,5056
Kerala,01-10-2022,Energy Requirement,MU,2302
Madhya Pradesh,01-10-2022,Energy Requirement,MU,6449
Maharashtra,01-10-2022,Energy Requirement,MU,13945
Manipur,01-10-2022,Energy Requirement,MU,80
Meghalaya,01-10-2022,Energy Requirement,MU,188
Mizoram,01-10-2022,Energy Requirement,MU,52
Nagaland,01-10-2022,Energy Requirement,MU,74
Odisha,01-10-2022,Energy Requirement,MU,3857
Puducherry,01-10-2022,Energy Requirement,MU,261
Punjab,01-10-2022,Energy Requirement,MU,5053
Rajasthan,01-10-2022,Energy Requirement,MU,7903
Sikkim,01-10-2022,Energy Requirement,MU,40
Tamil Nadu,01-10-2022,Energy Requirement,MU,8922
Telangana,01-10-2022,Energy Requirement,MU,5379
Tripura,01-10-2022,Energy Requirement,MU,150
Uttar Pradesh,01-10-2022,Energy Requirement,MU,10059
Uttarakhand,01-10-2022,Energy Requirement,MU,1121
West Bengal,01-10-2022,Energy Requirement,MU,4923
Andhra Pradesh,01-11-2022,Energy Met,MU,5484
Arunachal Pradesh,01-11-2022,Energy Met,MU,72
Assam,01-11-2022,Energy Met,MU,812
Bihar,01-11-2022,Energy Met,MU,2448
Chandigarh,01-11-2022,Energy Met,MU,99
Chhattisgarh,01-11-2022,Energy Met,MU,2595
DNH & DDU,01-11-2022,Energy Met,MU,800
Delhi,01-11-2022,Energy Met,MU,2030
Goa,01-11-2022,Energy Met,MU,362
Gujarat,01-11-2022,Energy Met,MU,11719
Haryana,01-11-2022,Energy Met,MU,3871
Himachal Pradesh,01-11-2022,Energy Met,MU,967
Jammu & Kashmir,01-11-2022,Energy Met,MU,1628
Jharkhand,01-11-2022,Energy Met,MU,853
Karnataka,01-11-2022,Energy Met,MU,5996
Kerala,01-11-2022,Energy Met,MU,2235
Madhya Pradesh,01-11-2022,Energy Met,MU,8829
Maharashtra,01-11-2022,Energy Met,MU,15511
Manipur,01-11-2022,Energy Met,MU,84
Meghalaya,01-11-2022,Energy Met,MU,200
Mizoram,01-11-2022,Energy Met,MU,56
Nagaland,01-11-2022,Energy Met,MU,65
Odisha,01-11-2022,Energy Met,MU,3022
Puducherry,01-11-2022,Energy Met,MU,257
Punjab,01-11-2022,Energy Met,MU,3809
Rajasthan,01-11-2022,Energy Met,MU,8753
Sikkim,01-11-2022,Energy Met,MU,48
Tamil Nadu,01-11-2022,Energy Met,MU,8495
Telangana,01-11-2022,Energy Met,MU,5079
Tripura,01-11-2022,Energy Met,MU,120
Uttar Pradesh,01-11-2022,Energy Met,MU,9025
Uttarakhand,01-11-2022,Energy Met,MU,1086
West Bengal,01-11-2022,Energy Met,MU,3800
Andhra Pradesh,01-11-2022,Energy Requirement,MU,5500
Arunachal Pradesh,01-11-2022,Energy Requirement,MU,72
Assam,01-11-2022,Energy Requirement,MU,812
Bihar,01-11-2022,Energy Requirement,MU,2455
Chandigarh,01-11-2022,Energy Requirement,MU,99
Chhattisgarh,01-11-2022,Energy Requirement,MU,2595
DNH & DDU,01-11-2022,Energy Requirement,MU,800
Delhi,01-11-2022,Energy Requirement,MU,2030
Goa,01-11-2022,Energy Requirement,MU,362
Gujarat,01-11-2022,Energy Requirement,MU,11719
Haryana,01-11-2022,Energy Requirement,MU,3875
Himachal Pradesh,01-11-2022,Energy Requirement,MU,968
Jammu & Kashmir,01-11-2022,Energy Requirement,MU,1649
Jharkhand,01-11-2022,Energy Requirement,MU,958
Karnataka,01-11-2022,Energy Requirement,MU,6015
Kerala,01-11-2022,Energy Requirement,MU,2242
Madhya Pradesh,01-11-2022,Energy Requirement,MU,8829
Maharashtra,01-11-2022,Energy Requirement,MU,15511
Manipur,01-11-2022,Energy Requirement,MU,84
Meghalaya,01-11-2022,Energy Requirement,MU,200
Mizoram,01-11-2022,Energy Requirement,MU,56
Nagaland,01-11-2022,Energy Requirement,MU,65
Odisha,01-11-2022,Energy Requirement,MU,3022
Puducherry,01-11-2022,Energy Requirement,MU,258
Punjab,01-11-2022,Energy Requirement,MU,3809
Rajasthan,01-11-2022,Energy Requirement,MU,8788
Sikkim,01-11-2022,Energy Requirement,MU,48
Tamil Nadu,01-11-2022,Energy Requirement,MU,8521
Telangana,01-11-2022,Energy Requirement,MU,5098
Tripura,01-11-2022,Energy Requirement,MU,121
Uttar Pradesh,01-11-2022,Energy Requirement,MU,9033
Uttarakhand,01-11-2022,Energy Requirement,MU,1097
West Bengal,01-11-2022,Energy Requirement,MU,3800
Chandigarh,01-12-2022,Energy Met,MU,116
Delhi,01-12-2022,Energy Met,MU,2177
Haryana,01-12-2022,Energy Met,MU,4320
Himachal Pradesh,01-12-2022,Energy Met,MU,1065
Jammu & Kashmir,01-12-2022,Energy Met,MU,1787
Punjab,01-12-2022,Energy Met,MU,4325
Rajasthan,01-12-2022,Energy Met,MU,9479
Uttar Pradesh,01-12-2022,Energy Met,MU,9782
Uttarakhand,01-12-2022,Energy Met,MU,1237
Gujarat,01-12-2022,Energy Met,MU,12061
Madhya Pradesh,01-12-2022,Energy Met,MU,9746
Chhattisgarh,01-12-2022,Energy Met,MU,2982
DNH & DDU,01-12-2022,Energy Met,MU,843
Maharashtra,01-12-2022,Energy Met,MU,16821
Goa,01-12-2022,Energy Met,MU,401
Andhra Pradesh,01-12-2022,Energy Met,MU,5568
Telangana,01-12-2022,Energy Met,MU,6207
Karnataka,01-12-2022,Energy Met,MU,6346
Kerala,01-12-2022,Energy Met,MU,2306
Tamil Nadu,01-12-2022,Energy Met,MU,8836
Puducherry,01-12-2022,Energy Met,MU,252
Bihar,01-12-2022,Energy Met,MU,2565
Jharkhand,01-12-2022,Energy Met,MU,897
Odisha,01-12-2022,Energy Met,MU,2906
West Bengal,01-12-2022,Energy Met,MU,3771
Sikkim,01-12-2022,Energy Met,MU,56
Arunachal Pradesh,01-12-2022,Energy Met,MU,80
Assam,01-12-2022,Energy Met,MU,795
Manipur,01-12-2022,Energy Met,MU,100
Meghalaya,01-12-2022,Energy Met,MU,216
Mizoram,01-12-2022,Energy Met,MU,64
Nagaland,01-12-2022,Energy Met,MU,71
Tripura,01-12-2022,Energy Met,MU,115
Chandigarh,01-12-2022,Energy Requirement,MU,116
Delhi,01-12-2022,Energy Requirement,MU,2177
Haryana,01-12-2022,Energy Requirement,MU,4332
Himachal Pradesh,01-12-2022,Energy Requirement,MU,1069
Jammu & Kashmir,01-12-2022,Energy Requirement,MU,1798
Punjab,01-12-2022,Energy Requirement,MU,4325
Rajasthan,01-12-2022,Energy Requirement,MU,9617
Uttar Pradesh,01-12-2022,Energy Requirement,MU,9803
Uttarakhand,01-12-2022,Energy Requirement,MU,1254
Gujarat,01-12-2022,Energy Requirement,MU,12061
Madhya Pradesh,01-12-2022,Energy Requirement,MU,9746
Chhattisgarh,01-12-2022,Energy Requirement,MU,2983
DNH & DDU,01-12-2022,Energy Requirement,MU,843
Maharashtra,01-12-2022,Energy Requirement,MU,16821
Goa,01-12-2022,Energy Requirement,MU,402
Andhra Pradesh,01-12-2022,Energy Requirement,MU,5568
Telangana,01-12-2022,Energy Requirement,MU,6148
Karnataka,01-12-2022,Energy Requirement,MU,6285
Kerala,01-12-2022,Energy Requirement,MU,2285
Tamil Nadu,01-12-2022,Energy Requirement,MU,8754
Puducherry,01-12-2022,Energy Requirement,MU,250
Bihar,01-12-2022,Energy Requirement,MU,2575
Jharkhand,01-12-2022,Energy Requirement,MU,1002
Odisha,01-12-2022,Energy Requirement,MU,2906
West Bengal,01-12-2022,Energy Requirement,MU,3772
Sikkim,01-12-2022,Energy Requirement,MU,56
Arunachal Pradesh,01-12-2022,Energy Requirement,MU,80
Assam,01-12-2022,Energy Requirement,MU,795
Manipur,01-12-2022,Energy Requirement,MU,100
Meghalaya,01-12-2022,Energy Requirement,MU,216
Nagaland,01-12-2022,Energy Requirement,MU,71
Tripura,01-12-2022,Energy Requirement,MU,115
Andhra Pradesh,01-01-2023,Energy Met,MU,6126
Arunachal Pradesh,01-01-2023,Energy Met,MU,85
Assam,01-01-2023,Energy Met,MU,814
Bihar,01-01-2023,Energy Met,MU,2936
Chandigarh,01-01-2023,Energy Met,MU,143
Chhattisgarh,01-01-2023,Energy Met,MU,3260
DNH & DDU,01-01-2023,Energy Met,MU,847
Delhi,01-01-2023,Energy Met,MU,2481
Goa,01-01-2023,Energy Met,MU,410
Gujarat,01-01-2023,Energy Met,MU,11577
Haryana,01-01-2023,Energy Met,MU,4386
Himachal Pradesh,01-01-2023,Energy Met,MU,1068
Jammu & Kashmir,01-01-2023,Energy Met,MU,1918
Jharkhand,01-01-2023,Energy Met,MU,944
Karnataka,01-01-2023,Energy Met,MU,7363
Kerala,01-01-2023,Energy Met,MU,2306
Madhya Pradesh,01-01-2023,Energy Met,MU,9569
Maharashtra,01-01-2023,Energy Met,MU,16716
Manipur,01-01-2023,Energy Met,MU,106
Meghalaya,01-01-2023,Energy Met,MU,221
Mizoram,01-01-2023,Energy Met,MU,67
Nagaland,01-01-2023,Energy Met,MU,66
Odisha,01-01-2023,Energy Met,MU,2892
Puducherry,01-01-2023,Energy Met,MU,249
Punjab,01-01-2023,Energy Met,MU,4612
Rajasthan,01-01-2023,Energy Met,MU,9199
Sikkim,01-01-2023,Energy Met,MU,59
Tamil Nadu,01-01-2023,Energy Met,MU,9203
Telangana,01-01-2023,Energy Met,MU,7144
Tripura,01-01-2023,Energy Met,MU,118
Uttar Pradesh,01-01-2023,Energy Met,MU,10646
Uttarakhand,01-01-2023,Energy Met,MU,1325
West Bengal,01-01-2023,Energy Met,MU,4086
Andhra Pradesh,01-01-2023,Energy Requirement,MU,6143
Arunachal Pradesh,01-01-2023,Energy Requirement,MU,85
Assam,01-01-2023,Energy Requirement,MU,818
Bihar,01-01-2023,Energy Requirement,MU,2962
Chandigarh,01-01-2023,Energy Requirement,MU,143
Chhattisgarh,01-01-2023,Energy Requirement,MU,3262
DNH & DDU,01-01-2023,Energy Requirement,MU,847
Delhi,01-01-2023,Energy Requirement,MU,2481
Goa,01-01-2023,Energy Requirement,MU,411
Gujarat,01-01-2023,Energy Requirement,MU,11610
Haryana,01-01-2023,Energy Requirement,MU,4420
Himachal Pradesh,01-01-2023,Energy Requirement,MU,1071
Jammu & Kashmir,01-01-2023,Energy Requirement,MU,1926
Jharkhand,01-01-2023,Energy Requirement,MU,1019
Karnataka,01-01-2023,Energy Requirement,MU,7383
Kerala,01-01-2023,Energy Requirement,MU,2313
Madhya Pradesh,01-01-2023,Energy Requirement,MU,9569
Maharashtra,01-01-2023,Energy Requirement,MU,16717
Manipur,01-01-2023,Energy Requirement,MU,107
Meghalaya,01-01-2023,Energy Requirement,MU,221
Mizoram,01-01-2023,Energy Requirement,MU,67
Nagaland,01-01-2023,Energy Requirement,MU,66
Odisha,01-01-2023,Energy Requirement,MU,2892
Puducherry,01-01-2023,Energy Requirement,MU,250
Punjab,01-01-2023,Energy Requirement,MU,4626
Rajasthan,01-01-2023,Energy Requirement,MU,9534
Sikkim,01-01-2023,Energy Requirement,MU,59
Tamil Nadu,01-01-2023,Energy Requirement,MU,9230
Telangana,01-01-2023,Energy Requirement,MU,7163
Tripura,01-01-2023,Energy Requirement,MU,118
Uttar Pradesh,01-01-2023,Energy Requirement,MU,10707
Uttarakhand,01-01-2023,Energy Requirement,MU,1360
West Bengal,01-01-2023,Energy Requirement,MU,4088
Andhra Pradesh,01-02-2023,Energy Met,MU,6185
Arunachal Pradesh,01-02-2023,Energy Met,MU,77
Assam,01-02-2023,Energy Met,MU,744
Bihar,01-02-2023,Energy Met,MU,2477
Chandigarh,01-02-2023,Energy Met,MU,97
Chhattisgarh,01-02-2023,Energy Met,MU,3147
DNH & DDU,01-02-2023,Energy Met,MU,793
Delhi,01-02-2023,Energy Met,MU,1903
Goa,01-02-2023,Energy Met,MU,388
Gujarat,01-02-2023,Energy Met,MU,10973
Haryana,01-02-2023,Energy Met,MU,3929
Himachal Pradesh,01-02-2023,Energy Met,MU,902
Jammu & Kashmir,01-02-2023,Energy Met,MU,1665
Jharkhand,01-02-2023,Energy Met,MU,780
Karnataka,01-02-2023,Energy Met,MU,7517
Kerala,01-02-2023,Energy Met,MU,2233
Madhya Pradesh,01-02-2023,Energy Met,MU,8394
Maharashtra,01-02-2023,Energy Met,MU,15702
Manipur,01-02-2023,Energy Met,MU,83
Meghalaya,01-02-2023,Energy Met,MU,188
Mizoram,01-02-2023,Energy Met,MU,55
Nagaland,01-02-2023,Energy Met,MU,59
Odisha,01-02-2023,Energy Met,MU,2987
Puducherry,01-02-2023,Energy Met,MU,241
Punjab,01-02-2023,Energy Met,MU,4198
Rajasthan,01-02-2023,Energy Met,MU,8325
Sikkim,01-02-2023,Energy Met,MU,52
Tamil Nadu,01-02-2023,Energy Met,MU,8926
Telangana,01-02-2023,Energy Met,MU,7493
Tripura,01-02-2023,Energy Met,MU,109
Uttar Pradesh,01-02-2023,Energy Met,MU,9033
Uttarakhand,01-02-2023,Energy Met,MU,1111
West Bengal,01-02-2023,Energy Met,MU,4141
Andhra Pradesh,01-02-2023,Energy Requirement,MU,6203
Arunachal Pradesh,01-02-2023,Energy Requirement,MU,77
Assam,01-02-2023,Energy Requirement,MU,751
Bihar,01-02-2023,Energy Requirement,MU,2496
Chandigarh,01-02-2023,Energy Requirement,MU,97
Chhattisgarh,01-02-2023,Energy Requirement,MU,3156
DNH & DDU,01-02-2023,Energy Requirement,MU,793
Delhi,01-02-2023,Energy Requirement,MU,1903
Goa,01-02-2023,Energy Requirement,MU,389
Gujarat,01-02-2023,Energy Requirement,MU,10973
Haryana,01-02-2023,Energy Requirement,MU,3945
Himachal Pradesh,01-02-2023,Energy Requirement,MU,906
Jammu & Kashmir,01-02-2023,Energy Requirement,MU,1669
Jharkhand,01-02-2023,Energy Requirement,MU,850
Karnataka,01-02-2023,Energy Requirement,MU,7539
Kerala,01-02-2023,Energy Requirement,MU,2241
Madhya Pradesh,01-02-2023,Energy Requirement,MU,8419
Maharashtra,01-02-2023,Energy Requirement,MU,15703
Manipur,01-02-2023,Energy Requirement,MU,84
Meghalaya,01-02-2023,Energy Requirement,MU,188
Mizoram,01-02-2023,Energy Requirement,MU,55
Nagaland,01-02-2023,Energy Requirement,MU,59
Odisha,01-02-2023,Energy Requirement,MU,2987
Puducherry,01-02-2023,Energy Requirement,MU,242
Punjab,01-02-2023,Energy Requirement,MU,4240
Rajasthan,01-02-2023,Energy Requirement,MU,8570
Sikkim,01-02-2023,Energy Requirement,MU,52
Tamil Nadu,01-02-2023,Energy Requirement,MU,8956
Tripura,01-02-2023,Energy Requirement,MU,109
Uttar Pradesh,01-02-2023,Energy Requirement,MU,9053
Uttarakhand,01-02-2023,Energy Requirement,MU,1133
West Bengal,01-02-2023,Energy Requirement,MU,4142
Andhra Pradesh,01-03-2023,Energy Met,MU,6725
Arunachal Pradesh,01-03-2023,Energy Met,MU,86
Assam,01-03-2023,Energy Met,MU,844
Bihar,01-03-2023,Energy Met,MU,2869
Chandigarh,01-03-2023,Energy Met,MU,102
Chhattisgarh,01-03-2023,Energy Met,MU,3458
DNH & DDU,01-03-2023,Energy Met,MU,872
Delhi,01-03-2023,Energy Met,MU,2126
Goa,01-03-2023,Energy Met,MU,415
Gujarat,01-03-2023,Energy Met,MU,12140
Haryana,01-03-2023,Energy Met,MU,3949
Himachal Pradesh,01-03-2023,Energy Met,MU,994
Jammu & Kashmir,01-03-2023,Energy Met,MU,1718
Jharkhand,01-03-2023,Energy Met,MU,903
Karnataka,01-03-2023,Energy Met,MU,8705
Kerala,01-03-2023,Energy Met,MU,2713
Madhya Pradesh,01-03-2023,Energy Met,MU,7255
Maharashtra,01-03-2023,Energy Met,MU,17128
Manipur,01-03-2023,Energy Met,MU,84
Meghalaya,01-03-2023,Energy Met,MU,191
Mizoram,01-03-2023,Energy Met,MU,54
Nagaland,01-03-2023,Energy Met,MU,70
Odisha,01-03-2023,Energy Met,MU,3392
Puducherry,01-03-2023,Energy Met,MU,284
Punjab,01-03-2023,Energy Met,MU,4266
Rajasthan,01-03-2023,Energy Met,MU,7515
Sikkim,01-03-2023,Energy Met,MU,49
Tamil Nadu,01-03-2023,Energy Met,MU,10866
Telangana,01-03-2023,Energy Met,MU,8581
Tripura,01-03-2023,Energy Met,MU,123
Uttar Pradesh,01-03-2023,Energy Met,MU,9680
Uttarakhand,01-03-2023,Energy Met,MU,1163
West Bengal,01-03-2023,Energy Met,MU,4982
Andhra Pradesh,01-03-2023,Energy Requirement,MU,6725
Arunachal Pradesh,01-03-2023,Energy Requirement,MU,86
Assam,01-03-2023,Energy Requirement,MU,844
Bihar,01-03-2023,Energy Requirement,MU,2882
Chandigarh,01-03-2023,Energy Requirement,MU,102
Chhattisgarh,01-03-2023,Energy Requirement,MU,3461
DNH & DDU,01-03-2023,Energy Requirement,MU,872
Delhi,01-03-2023,Energy Requirement,MU,2126
Goa,01-03-2023,Energy Requirement,MU,416
Gujarat,01-03-2023,Energy Requirement,MU,12140
Haryana,01-03-2023,Energy Requirement,MU,3951
Himachal Pradesh,01-03-2023,Energy Requirement,MU,996
Jammu & Kashmir,01-03-2023,Energy Requirement,MU,1726
Jharkhand,01-03-2023,Energy Requirement,MU,971
Karnataka,01-03-2023,Energy Requirement,MU,8696
Kerala,01-03-2023,Energy Requirement,MU,2710
Madhya Pradesh,01-03-2023,Energy Requirement,MU,7282
Maharashtra,01-03-2023,Energy Requirement,MU,17129
Manipur,01-03-2023,Energy Requirement,MU,84
Meghalaya,01-03-2023,Energy Requirement,MU,194
Mizoram,01-03-2023,Energy Requirement,MU,54
Nagaland,01-03-2023,Energy Requirement,MU,70
Odisha,01-03-2023,Energy Requirement,MU,3392
Puducherry,01-03-2023,Energy Requirement,MU,283
Punjab,01-03-2023,Energy Requirement,MU,4283
Rajasthan,01-03-2023,Energy Requirement,MU,7532
Sikkim,01-03-2023,Energy Requirement,MU,49
Tamil Nadu,01-03-2023,Energy Requirement,MU,10854
Telangana,01-03-2023,Energy Requirement,MU,8573
Tripura,01-03-2023,Energy Requirement,MU,123
Uttar Pradesh,01-03-2023,Energy Requirement,MU,9686
Uttarakhand,01-03-2023,Energy Requirement,MU,1176
West Bengal,01-03-2023,Energy Requirement,MU,4986
